Content,Sentiment
Ăn sáng ngon,1
"Dia diem thuan tien, sach se , phong tot",1
"Tôi dang ky o khach san 5 dêm, sau 3 dêm, tôi duoc moi lên o tâng 14 theo yêu câu cua minh.Nhân viên tiêp tân hoi nghiêm. Cac bô phân khac rât vui ve, niêm no và tân tinh phuc vu cho khach !",1
"Nhân viên thân thiện, nhiệt tình và chuyên nghiệp trong tác phong",1
"Khach San moi, gan moi Phuong Tien,",1
"Vị trí gần trung tâm Hội An, chạy xe 2km là đến hoặc có thể đi bộ. Chủ nhà rất nhiệt tình tư vấn và thân thiện.",1
"Địa điểm rất đẹp, đi biển An Bàng rất gần, ra biển Cửa Đại hay đi Cù Lao Chàm cũng gần mà đạp xe vào phố cổ cũng rất nhanh. Nằm trên dãy phố mới nên rất yên tĩnh chứ không ồn ào vào buổi tối như trong phố cổ. Anh chủ rất tuyệt, cho mượn xe đạp miễn phí. Tôi rất hài lòng khi ở đây.",1
"vừa qua tôi đi công tác nghỉ ở khách sạn Qúy Hùng. Tôi thấy mọi thứ ở đây rất tốt. Từ địa điểm đến trang thiết bị khách sạn rất hiện đại, giá rẻ. Tôi sẽ quay lại đây vào những lần sau",1
"Gần trung tâm, tiện nghi",1
"phòng sang trọng, gần trung tâm bến thành, nhân viên nhẹ nhàng lại xách đồ giùm lên phòng",1
"Giuong thoai mai,dia diem rat thuan tien, nhan vien cung rat nhiet tinh nua",1
rất thú vị với chuyến đi. hi vọng sẽ ghé lần sau,1
"nhân viên phục vụ niềm nở, nhiệt tình...",1
dạo phố,1
"Vị trí thuận lợi tại trung tâm tp,nhân viên ks nhiệt tình và vui vẻ. Giá cả hơp lý.Tôi sẽ chọn ks này cho lần công tác sau..",1
"Thái độ phục vụ, phòng sạch sẽ, gọn gàng",1
"Phong cách phục vụ rất tốt, khách sạn thoáng mát. đồ dùng đầy đủ tiện nghi",1
"nhân viên nhiệt tình, khách sạn sạch sẽ, ở trung tâm thành phố thuận tiện đi lại.",1
"Khung cảnh đẹp, gần biển.",1
Dia Diem tot,1
gần chợgần phố đi bộ,1
Nhân viên nhiệt tình,1
"- đồ nội thất và giường ngủ ở đây khiến chúng tôi rất hài lòng sau chuyến đi dài- vị trí gần trung tâm, mặt đường lớn",1
Khách sạn tạm chấp nhận(vì giá 296.000đ).hotel kiểu gia đình.phòng cũng được.khu vực yên tĩnh.gần siêu thị.chỉ 1 cái là muỗi nhiều.bãi xe 2 bánh.4 bánh thì vô tư..,1
"Tôi rất thích thái độ phục vụ của hai bạn là vợ chồng chủ khách sạn, các bạn rất vui vẻ thân thiện như người nhà, Khách sạn cũng không xa trung tâm lắm đi đến Đền Bà Chúa Xứ cũng khoảng 6km ra chợ Châu Đốc cũng gần, đi lại cũng thuận tiệ. Khách sạn có phòng rộng rãi sạch sẽ, hành lang cũng có điều hòa mát mẻ khi bước ra khỏi phòng.  tôi nhớ mãi chuyến đi vừa rồi của hai mẹ con tôi, Tôi đến Châu Đốc vào ngày 2/1 về ngày 3/1 đúng dịp lễ tôi chủ quan không book xe về Sài gòn trước nên ra đến Châu Đốc mới book ngày hôm đó toàn bộ các hãng xe chất lượng cao như Phương Trang đều đã hết vé, mẹ con tôi không còn cách nào để về Sài gòn nên đành phải đi xe hãng Kim Hương, Hãng xe Kim Hương đã cho một xe ôm đến khách sạn đón mẹ con tôi trong khi tôi đi hai người cộng thêm một valy Somsinte loại 30kg vậy mà họ điều xe ôm đến đón mẹ con tôi, thật kinh khủng, may mà hai bạn vợ chồng chủ khách sạn đã đọc được suy nghĩ của tôi đang phân vân gọi xe taxi ra bến xe Kim Hương thì Bạn Chủ khách sạn đã đích thân lấy xe ô tô của nhà mình ra để đưa mẹ cọn tôi ra bến xe Kim Hương. Tôi thực sự cảm động với phong cách phục vụ rất chân tình của hai bạn vợ chồng chủ khách sạn. Tôi làm bên ngành Hàng không và là người đi du lịch rất nhiều cả trong và ngoài nước nên tôi đã trải nghiệm rất nhiều khách sạn và Resort khác nhau, tôi nhận thấy với mức giá tại khách sạn Đồng Xanh tôi ở chỉ tầm hơn 12$/ 1 phòng đôi rộng rãi, tôi thấy rất hợp lý và phù hợp với chuyến đi của tôi.",1
Sach se tien nghi,1
Nhân viên thực sự tốt bụng và nhiệt tình. Nhờ có họ giúp đỡ mà chuyến đi Hà Nội - Miền Tây của mình đã thành công tốt đẹp!,1
"Phòng rất sạch sẽ, nội thất vượt xa kỳ vọng với một khách sạn 1 sao",1
"Yên tỉnh, sạch sẽ, thoải mái",1
"Phong dep, kha moi. Chu ks vui ve, nhiet tinh.",1
Phòng mới sạch sẽ,1
"Không gian yên tĩnh, rộng rãi, khá sạch sẽ. Nhân viên nhiệt tình",1
"Khách sạn sach sẽ , nhân viên thân thiện",1
Giường êm tivi xịn máy lạnh hoạt động tốt.,1
"Phòng rất sạch sẽ, nhân viên rất thân thiện, bữa sáng rất ngon",1
"yên tĩnh, nhiệt tình, sạch sẽ",1
Trong lành,1
1 Nhan vien  nu toi ngay12.va1 nam nhan vien khuya ngay 12. Deu rat tot. Rat nhiet tinh. Va chu dong lien lac. Hoi tham khach hang.Noi chuyen lich su va le phep,1
Giường ngủ thoải mái,1
"Tôi rất thích khách sạn của bạn. Nó thật tuyệt với, nhân viên lê tân cũng như bellboy đã phục vụ chúng tôi rất chu đáo. Tôi sẽ quay lại và sẽ giới thiệu bạn bè, đồng nghiệp đến khách sạn của bạn.Chúc các bạn thành công.",1
"Sạch sẽ, đẹp, tôi vẫn sẽ lựa chọn trong kì nghỉ tới",1
Moi nguoi vui ve,1
"Ks moi, sach se",1
Phòng rộng thoáng mát. Vị trí tốt.,1
Phòng ốc sạch sẽ,1
"Phòng sạch sẽ, tiện nghi",1
Vị trí tuyệt vời,1
"Khách sạn ở trung tam nên tiện đi lại, mua sắm. Nhân viên khách sạn ân cần và nhiệm tình phục vụ khách.",1
Nhân viên thân thiện,1
than thien,1
"nhân viên nhiệt tình, thân thiện, giúp tôi đặt city tour và gọi taxi",1
Breakfast,1
"- Anh chị chủ nhà khá thân thiện, vị trí cũng ở giữa biển An Bằng và phố cổ.- Phòng sạch sẽ, thoáng mát. Nhà có cô bé Tina rất đáng yêu.- Sẽ ở tại đây nếu quay lại Hội An",1
"Phòng sạch sẽ, tiện nghi cơ bản, nhân viên lịch sự.",1
"Rất hài lòng, bạn bè của mình tới Hội An mình sẽ giới thiệu.",1
Vị trí ổn,1
"Nhân viên phục vụ nhiệt tình, vui vẻ, thân thiện. Ngay đầu ngõ có quán ăn ngon và giá cả hợp lí :)",1
"khu vực lễ tân nhìn cũng ổn, dễ thương, nhân viên lễ tân có vẻ ít cười với khách nhỉ",1
"Phòng ngủ sạch sẽ ,giường rộng . Nhân viên nhiệt tình niềm nở . Giá hợp lý",1
Thời tiết và con người rất đáng yêu.,1
Sự yên tĩnh,1
Ở vị trí trung tâm đi đâu cũng gần không cần tốn kém đi taxi nhiều. Thái độ nhân viên nhẹ nhàng từ tốn.,1
"Vị trí ngay trung tâm, tiện đi lại, giá cả phù hợp, phòng sạch sẽ, tiện nghi.",1
"Vị trí trung tâm, tiện lợi. Nhân viên nhiệt tình,vui vẻ.",1
"Phòng đẹp, sang trọng, nhân viên phục vụ nhiệt tình và thân thiện",1
Vị trí thuận tiện,1
"Dia diem thuan tien, phong kha sach se, Le tan nhiet tinh",1
"Sạch sẽ,nội thất đẹp",1
-có vườn rau trồng sau nhà-phong cảnh xung quanh nhà đẹp,1
Lịch Sự,1
"Phòng rộng, sạch sẽ, tiện nghi",1
Good for everything,1
cho o tot dep.tien duong giao thong.trong khu tay ba lo.,1
"Chủ KS rất thân thiện vui vẻ,nhân viên nhiệt tình và 2 cố vấn ks thật dễ thương...nhìn bên ngoài ks vừa nhưng phòng rất  rộng rãi,sạch sẽ...Lần sau đến SG,tôi vẫn chọn ks Crown Diamond",1
"Thức ăn và giá cả khá ổn, nhân viên bảo vệ nhiệt tình thân thiện",1
yen tinh,1
"nhân viên, phòng ốc",1
Tiện nghi,1
Giuong rong rai.,1
Vị trí khách sạn tốt: gần bãi biển Khách sạn tương đối sạch sẽ,1
"Tất nhiên là vị trí rồi. Ăn sáng thời gian thoải mái hơn 1 số nơi khác, sạch sẽ, thái độ nv phục vụ tốt",1
"Vi tri trung tam,tien nghi mua sam an uong va di lai",1
Khách sạn mà đông du sắp xếp cũng khá tốt,1
"Phòng đẹp. Tôi ở phòng giường đôi 200k/ đêm, chất lượng dịch vụ và phòng rất xứng đáng với giá 200k. Là một ks nên ở nếu bạn ít tiền. Nhân viên khách sạn rất thân thiện, còn chở tôi đi miễn phí tới văn phòng du lịch mà ko lấy tiền",1
"Thoải mái, nhiệt tình",1
Các bạn nhân viên rất thân thiện. Vị trí của khách sạn cũng rất thuận tiện để đi các điểm tham quan.,1
"Thoải mái, gần gũi như gia đình",1
Khong co thang may,1
Ko co gi de thich,1
sạch sẽ và vị trí thuận tiện,1
bữa sáng ko được ngon lắm,1
gan trung tam,1
Vị trí trung tâm,1
Không gian đep,1
Bua sang ngon. Giường ngủ rất thoải mái,1
Cô Lễ Tân tận tình và chu đáo,1
"đầy đủ mọi thứ, chủ khách sạn rất nhiệt tình!",1
thích cô hay cười nói tiếng Anh hay hay :))),1
"Cách nói chuyện của tiếp tân rất vui vẻ,đồ ăn sáng cũng được.",1
"Nhân viên tiếp tân rất tuyệt vời, thân thiện và nhiệt tình. Phục vụ tốt, nơi ở đáng đồng tiền.",1
"Vị trí thuận tiện, nhân viên nhiệt tình.",1
Địa điểm tốt,1
"Phòng mới và sạch sẽ, anh chị chủ thân thiện dễ thương, tư vấn những chỗ ăn chơi tận tình. Gần chợ",1
"Phong cảnh đẹp, thời tiết khá mát mẻ.",1
Gan trung tam,1
Khách sạn gần trung tâm thành phố nên đi lại rất tiện lợi. Chất lượng nói chung là ổn trừ một vài góp ý ở dưới.,1
ko có gì,1
Phòng rộng,1
Sach se nhan vien than thien gan trung tam,1
Nhân viên nhiệt tình. Khach sạn mơi nên sạch sẻ. Tôi sẻ quay lại một lần nữa,1
"Hotel moi nen kha sach se. Nhan vien nhiet tinh, phong rong , an sang ok",1
"Tôi đã đến đây và rất thoãi mái cho kì nghĩ của mình .....! Giá cả phải chăng , dịch vụ rất ok ...! Tôi rất hài lòng , nếu có dịp đến đà lạt một lần nữa tôi vẫn chọn nơi đây ....",1
Giá tạm ổn với kiểu dân phượt tụi mình,1
NV dễ thương,1
Tạm thôi,1
"Nước mạnh, máy nước nóng tốt",1
OK,1
Vị trí trung tam,1
Nhân viên lịch sự,1
không gian resort tuyet vời,1
"Đồ ăn ở nhà hàng khá ngon, đáng với số tiền bỏ ra. nhân viên niềm nở thân thiện.",1
nhaan viên nhiệt tình,1
Chúng tôi đã được upgrade lên hạng phòng executive có view hồ nước rất tuyệt. Vì chúng tôi có em bé nên được cung cấp cũi cho bé ngủ rất thoải mái,1
Tất cả đều tốt,1
"Không gian, tiện nghi",1
Vị trí của khách sạn thuận lợi.,1
"bua an sang ngon , thay doi khac vi moi ngay",1
Ko thích j cả,1
"Giường êm, nhân viên cực kỳ nhiệt tình, địa điểm gần sông Hương và cầu Tràng Tiền",1
"Nhân viên nhiệt tình, tiếp đón tốt, vị trí gần các điểm ăn uống, tham quan. Tiện nghi phòng đầy đủ, có máy sấy, laptop trong phòng cho khách sử dụng. Phòng sạch sẽ.",1
"Khách sạn gần trung tâm, lại nằm lùi vào hẻm nên mở cửa sổ vẫn rất yên tĩnh, không gian dễ chịu. Nhân viên rất nhiệt tình, phòng sạch sẽ, bữa sáng ngon lành.",1
"Nhân viên rất nhiệt tình và thân thiện, sẵn sàng hỗ trợ hết mình khi khách có yêu cầu, những dịch vụ kèm theo như xe đưa đón sân bay, xe máy giá cả phải chăng và chu đáo.",1
Tiện nghi đầy đủNhân viên vô cùng thân thiệnTôi sẽ quay lại nghỉ tại đây nếu còn tới Huế ;),1
"Hotel nằm gần cầu Trường Tiền và một số địa điểm đẹp, thuận tiện đi lại!!!",1
Nhân viên nhiệt tình. Vị trí thuận tiện.,1
Rat thich cac em nhan vien cua khach san,1
Cung cách phục vụ tốtĂn sáng hợp lý,1
phòng ốc sạch sẽ. nhân viên nhiệt tình. chúng tôi đ bữa đến lúc 10 sáng và đã dc ăn sang miễn phí.,1
"Gia đình chúng tôi gồm 2 vợ chồng cùng 2 con lớn ( 8 & 14 tuổi ) lưu lại đây 03 đêm không liên tục vào dip nghỉ lế mùng 2 tháng 9 vừa qua,khách sạn ở ngay khu vực trung tâm thành phố rất thuận tiện cho việc đi lại , mua sắm , thăm quan.Khách sạn tuy nhỏ nhưng rất sạch sẽ , ăn sáng ngon , nhân viên rất thân thiện , chu đáo , giá cả hợp lý ,giữ đồ miến phí cho khách khi khách đi tour du lịch ngắn ngày . Nhất định tôi sẽ quay lại hay giới thiệu cho bạn bè , người thân khi có dip vào Sài Gòn.",1
"Gia dinh toi co mot ky nghi tai khach san Green Suites 03 dem ngat quang trong dip 02/9/2014 ,khach san lam o gan khu trung tam rat thuan tien cho viec tham quan , an uong , mua sam. Nhan vien than thien , nhiet tinh , phong oc rong rai , rat sach , gia ca re , an sang ngon va giu do mien phi. Nhat dinh se quay lai khi den Sai Gon.",1
"Nhân viên rất thân thiện, nhiệt tìnhBữa sáng ngonVị trí thuận tiện nhưng yên tĩnhĐặt tour ở khách sạn tốt",1
"Ks rat tot va sach se .Co nhung ks 3 sao o moi noi khong bang,Nhan vien phuc vu rat tot.khi nao co diep tro lai Hue toi se ks nay va se gioi thieu Cung ban be.",1
"Nhân viên rất thân thiện, hỗ trợ tốt.Thiết bị vệ sinh, nhà tắm tiện nghi, rất tốt",1
Bua an sang rat tuyet voi,1
"Khách san Sạch , Đẹp , An toàn và nhất là sự Phục Vụ Ân cần , Niềm nở , Tận tâm của đội ngủ nhân viên",1
"Villa có vườn rất đẹp, không gian xanh và trong lành. Nhân viên rất thân thiện và giới thiệu cho chúng tôi nhiều điều thú vị. Ở đây có cung cấp xe đạp (miễn phí) và dịch vụ thuê xe máy. Villa ở vị trí trung tâm, gần nhiều địa điểm ăn uống ngon",1
"Phòng view đẹp, bữa sáng đa dạng nhiều lựa chọn.",1
"Khuôn viên villa, vị trí",1
"Vị trí không xa trung tâm lắm, chỉ cần thuê một chiếc xe máy bạn có thể vi vu lượn cả Đà Lạt. Mình sẽ quay lại vào lần sau.",1
"Dia diem tot. Gia phai chang. Nhan vien rat than thien, phuc vu tot, biet ranh ve thanh pho  va huong dan khach hang den cho tham vien thanh pho rat tot.",1
"Giá rẻ, gần trung tâm",1
"Nhân viên phục vụ nhiệt tình, chu đáo, lễ phép.",1
"Nhân viên phục vụ rất nhiệt tình, địa điểm tốt gần trung tâm, bữa ăn sáng khá tốt",1
Khá gần bến thành & bùi viện nếu chạy xe máy.,1
Nhan vien than thien,1
Giường rât thỏa mái,1
"Vui ve , thoải  mái, giá cả ok",1
Phòng rộng rãi,1
"Phòng nhỏ, hôi hám, nhân viên ko nhiệt tình, ko có trách nhiệm. Được cái địa điểm ở quận 1 gần trung tâm.",1
ngay trung tâm,1
Vị trí thuận tiện.,1
Không có gì để thích cả,1
Gần công viên 29/3 quận 1 và giá hợp lý.,1
"Phòng thoáng, sạch sẽ. Khách sạn ở khu Trung tâm rất tuyệt",1
"vị trí thuận tiện, giá rẻ, nhân viên nhiệt tình",1
"Vị trí gần trung tâm, đi lại thuận tiện, nằm trên phố tây, có thể dễ dàng tìm thấy các dịch vụ giải trí, ăn uống giá cả hợp lý.",1
Nhân viên nhiệt tình,1
Địa điểm tốt,1
"Sạch sẽ, an ninh",1
"Tuyệt vời!!!!  Nhân viên thân thiện, phòng đẹp, sạch sẽ, bữa sáng ngon, đi lại thuận tiện... Chắc chắn sẽ quay lại nếu có cơ hội",1
"Cô chủ rất nhiệt tình và cực kì dễ thương. Cô giới thiệu những địa điểm và món ăn ngon của Hà Nội. Thậm chí cô còn giới thiệu mùa nào nên đến Hà Nội, dặn nhớ giữ ấm khi tôi và bạn chào tạm biệt đi Sapa.",1
Phuc vu massage,1
"Phòng rộng, sạch sẽ, tiện nghi tốt",1
"Nhân viên rất thân thiện , phục vụ tốt !Phòng rất là sạch sẽ và ấm cúng ! Có tầm nhìn ra thành phố rất đẹp.Bữa sáng có rất nhiều món ngon để lựa chọn .Vị trí trung tâm chỉ khoảng 1 phút là tới chợ Bến Thành , trung tâm mua sắm....Đối diện khách sạn là Street Food Market , có rất nhiều món ngon để lựa chọn !",1
phuc vu rat tot,1
Có cho thuê xe máy,1
phòng tốt.,1
"Giọng thoải mái, sạch sẽ, nhân viên thân thiện",1
Lễ tân và cô chủ rất thân thiện,1
Dia diem tai trung tam thanh pho,1
Dia diem tuyet voi,1
"Vị trí trung tâm, phòng rộng rãi, sạch sẽ, lễ tân nhiệt tình, bữa sáng ngon miệng.",1
"Vị trí đẹp và rất thuận tiện. Khách sạn kiến trúc cổ thời Pháp (150 năm), rất đẹp.",1
Vị trí đẹp,1
Dat,1
"Phòng sạch đẹp, vị trí thuận tiện, ăn sáng ngon. Nhân viên thân thiện, giá phòng hợp lý",1
wifi tot,1
View đẹp :3. Phục vụ nhiệt tình,1
"Nhân viên nhiệt tình, thân thiện, chu đáo, mình quên cmnd ở nhà nghỉ lại được nhận lại ngay tận nhà, quá good!",1
"- Nice staff, he quite old but always smile with us and he had good attitude. We are satisfied with this hotel.- Near beach, around 100 meter by walking. - Cleaning room with balcony.- Good price.We will come back when we have change.",1
"Phòng đẹp, sạch sẽ. Chủ Hotel tốt bụng, dễ thương. Nếu bạn muốn qua đêm ở Long Hải thì không còn đâu thích hợp hơn đây :D",1
Tốt. Thân thiện. Mọi người trong khách sạn điều nhiệt tình,1
"Nhân viên rất thân thiện và niềm nở, nhiệt tình, thoải mái. Đặt biệt giữ chữ tín và giá cả cũng phải chăng",1
Tâm biênAn hai san,1
"Phòng rộng, sạch sẽ, anh chủ dễ thương",1
"Khách sạn Tulip rất đẹp, nhìn bên ngoài rất sang trọng.Khách sạn 2 sao nhưng tôi cứ tưởng mình đang ở khách sạn 5 sao, từ trang thiết bị trong phòng cho đến phục vụ của nhân viên tại đây.Vị trí ngay tại trung tâm nên đi lại rất dễ dang. Nếu có lần sau đến Đà Lạt, chắc chắn tôi sẽ chon Tulip. giá cả phải chăng mà phục vụ như khách sạn 5 sao.",1
"Nhân viên phục vụ vô cùng lịch sự và thân thiện, chúng tôi nhận được trọn vẹn niềm vui cũng như sự hiếu khách của Đà Lạt từ đội ngũ nhân viên của Tulip Hotel. Rất cảm ơn các bạn!",1
"Nhân viên thân thiện, phòng ở tốt",1
Khach san gan cho dalat nen buoi toi rat tien de di bo dao quanh cho dalat ho xuan huong,1
"Khách sạn Tulip gần chợ, vị trí thuận tiên đi lại ngay trung tâm thành phố. Đối diện khách sạn là 1 nhà hàng-tiệm bánh lớn, thuận tiện ăn uống. Nhân viên phục vụ nhiệt tình, phòng rất đẹp, tôi rất thích ở đây. Nhất định dịp sau đến Đà Lạt tôi sẽ quay lại đây để ở.",1
"Địa điểm trung tâm, đi lại thuận tiện. Xung quanh có một số hàng ăn, tuy không thực sự xuất sắc nhưng có thể giải quyết cơn đói tức thì. Ngoài ra, nhà vệ sinh và phòng tắm sạch sẽ.",1
"minh o lai day cong tac 1 ngay, thay khach san kha thoai mai, tien nghi, nhung wifi o day kha chap chon, ban ngay thi rat nhanh, den toi thi kha cham. Noi chung minh se quay lai neu co dip",1
"_ Địa điểm gần chợ trung tâm, thuận tiện đi lại_ Nhân viên nhiệt tình_ Đáng giá tiền_ Sạch sẽ, vòi sen nước nóng khá tốt",1
"Phong ốc sạch sẽ, tiện nghi. Nhân viên phục vụ chu đáo, ân cần, và rất nhiệt tình. vì khách sạn gần trung tâm nên di chuyển tới chợ khá thuận tiện, nếu đến Đà Lạt, tôi nhất định chọn Tulip",1
"Vị trí không thể thuận tiện hơn để tham quan khu vực trung tâm Đà Lạt, gần chợ trung tâm, đối diện có cửa hàng bánh rất ngon và rẻ. Ngoài ra, cuối đường còn có quán bánh mì heo quay ăn rất thú vị. Rất tuyệt so với chi phí.",1
Thuận tiện ra chợ Đà lạt và các khu vực xung quanh nó.,1
"Tới đà lạt vào sáng sớm và ks đã cho nhận phòng nghỉ ngơi ngay mà không thu thêm tiền. Nhân viên cực kỳ nhiệt tình, lịch sự, vui vẻ",1
"Mọi thứ đều tuyệt. Từ boss đến nhân viên đều rất thân thiện và phục vụ tận tình. Ai muốn ăn ún hay mua đồ ở đâu cứ hỏi boss ở đó (women),cô sẽ giúp đỡ hết sức mình",1
"Thái độ phục vụ của nhân viên, giá phòng hợp lý",1
"Chỗ ở tốt, địa điểm thuận tiện cho việc đi lại thăm thú Đà Lạt.",1
THAI DO PHUC VU TOT,1
Tot va sach se,1
"Sạch sẽ, ngăn nắp, địa điểm tuyệt vời",1
"Khách sạn đẹp, nhân viên nhiệt tình. Có dịp sẽ đặt ở Tulip nữa.",1
"Vị trí đẹp, trung tâm. Nhân viên nhẹ nhàng, thân thiện.",1
"Không khí mát mẻ, cuộc sống thư thái",1
Địa điểm ngay trung tâm. Nhân viên vui vẻ nhiệt tình.,1
"Đội ngủ nhân viên rất tốt, nhiệt tình, rất thích",1
"Khách sạn sạch đẹpGần chợ , gần nhà hàng ăn uốngMọi thứ đều tốt",1
"Gan cho, thuan tien di lai, vui choi",1
Thái độ phục vụ,1
Phong cảnh và không khí trong lành nơi đây,1
"Vị trí thuận lợi, sát chợ Đà Lạt. Nhân viên lễ tân lịch sự, chu đáo.",1
không thích điều gì,1
"ks có địa điểm thuận lợi, trung tâm để đi chợ, đi dạo hồ",1
Địa điểm thuận lợi,1
rất gần chợ,1
"Sạch sẽ, đầy đủ tiện nghi, nhân viên rất thân thiện, địa điểm sát trung tâm.",1
Địa điểm,1
Nhân viên ở đây cực kỳ thân thiện và dễ thương.Khách sạn sạch sẽ,1
"Phong sach se, nuoc nong thoai mai",1
"Vị trí thuận tiện. Thuê xe hộ, xe chất lượng tốt, giá phải chăng. Tương đối linh động trong phục vụ.",1
"Nhân viên nhiệt tình, không gian tốt.",1
Cô chủ rất nhiệt tình và chu đáo.Tiếp chuyện rất vui vẻ hòa đồng và nhiệt tình chỉ những địa điểm ăn uống ngon rẻ tại thành phố du lịch đắt đỏ này :),1
"Nệm hơi cứng nhưng nói chung phòng rất sạch sẽ, máy lạnh; quạt gió; ti vi; máy nước nóng hoạt động tốt, chị chủ khá thân thiện, có thang máy. Lần sau có ra VT vẫn sẽ book phòng ở đây :D",1
Phòng khá yên tĩnh,1
Thái độ tiếp khách hàng của nơi này rất tốt. Phòng nhìn ra ngoài từ cửa sổ rất đẹp.,1
"Nơi nghỉ sạch sẽ, tiện lợi ăn uống.",1
tien loi gia re,1
thoải mái và tận tình với khách,1
Khong gian thoang...am ap,1
Giá phòng phù hợp,1
"voi gia trung binh thi phong oc, vat dung, tien nghi kha ok.",1
"Phòng sach se, cô chủ rất thân thiện, vị trí trong trung tâm nhưng không ồn ào va đặc biệt là giá rất ok",1
"Phòng rộng rãi, sạch sẽ.",1
"Phòng sạch sẽ, sáng sủa, có chỗ để xe rộng rãi.",1
Nội thất mới. Phòng sạch sẽ.,1
"Thoai mai, sach se",1
Yên tĩnh...sạch sẽ..thoải mái.nv tiếp tân luôn vui vẻ.,1
Thoải mái,1
"Sạch sẽ, thoáng mát, phục vụ thân thiện, tiện nghi đầy đủ, giá rẻ (đợt mình thuê thứ 7 mà chỉ 250k/đêm cho phòng giường đôi), gần biển",1
"Phòng đẹp, sạc sẽ , giá tốt",1
Ngày nghỉ vui và thỏi mái,1
"Nước nóng,mạnh",1
Thái độ phục vụ tốt. Nhân vien vui vẽ nhiệt tình. giá tốt,1
"Không gian phòng rất đẹp, thoải mái, sạch sẽ",1
"Cô chủ nhiệt tình lắm , còn thân thiện nữa . Phòng ốc sạch sẽ . Sẽ đặt phòng nếu có chuyến đi lần sau",1
Nhân viên rất vui vẻ và nhiệt tình,1
"Nhân viên thân thiện, vui vẻ. Thích hợp nếu bạn có phương tiện di chuyển riêng. Không gian xung quanh không ồn ào.",1
"- Nhân viên rất nhiệt tình và thiệt tình chỉ dẫn có lợi cho khách du lịch- Đồ ăn sáng khá ổn- Chỗ ở an toàn thoải mái, thuận tiện đi lại",1
"Phòng gọn gàng, nhân viên vui vẻ đổi phòng đẹp cho khách khi khách sạn còn phòng trống mà không phải bù thêm tiền.Nhân viên phục vụ tươi tắn và giúp khách rất nhiệt tình, không phân biệt Tây hay Ta.",1
"khá yên tĩnh , nhân viên thân thiện",1
Phục vụ tốt,1
dia diem,1
"Phong cách phục vụ nhệt tình vui vẻ, phòng ở tiện nghi thoải mái, gần trung tâm và khu du lịch.",1
"Giường rất rộng, thoải mái, tiện nghi ổn, vị trí thuận tiện.",1
Tốc độ xử lý công việc và mức độ làm hài lòng khách hàng.,1
"Tien loi nhan vien vui ve,nhiet tinh, nghiem tuc.",1
ok,1
"Khách sạn tuy nhỏ nhưng lại rất gọn gàng sạch sẻ :), nằm ở vị trí tốt, tiện lợi cho việc đi mua sắm và nhất là ăn uống. Nhân viên thì thiệt là dễ thương , nhiệt tình và chu đáo. Dịch vụ giặt đồ giá cả hợp lí. Rất thích khách sạn Hanoi Chic. Nếu có dịp quay lại HN chắc chắn sẽ chọn Hanoi Chic vì thái độ của nhân viên rất tốt và khách sạn sạch sẻ.",1
Khách sạn mới được nâng cấp mới. Vị trí gần hồ. Ăn sáng rất tốt với các món nóng kèm nhiều đồ búp phê. Nhân viên tận tình giúp đỡ đặt tour đi Hạ Long.,1
"Nhan vien le tan than thien,nhiet tinh.",1
"Nhân viên vui vẻ, hỗ trợ tốt.Phòng rộng và sạch sẽ.",1
"Địa điểm thuận lợi, khách sạn sạch sẽ, thoải mái",1
"Phòng sạch sẽ, tiện nghi, xứng đáng với giá tiền",1
"Phục vụ rất tốt, rất thích, thái độ với khách rất nhiệt tình lễ phép. Không gian phòng ấm cúng.",1
Khach san nam o trung tam nen rat tien cho viec di lai va an uong,1
"Khach san nam gan bo ho, phong thoang, dep. Nhan vien phuc vu de men, than thien.",1
Su than thien cua nhan vien le tan,1
"Nhân viên rất nhiệt tình, khách sạn sạch sẽ, đẹp",1
Gần hồ gươm nen chuyến đi rất thú vị,1
"Nhân viên ân cần, nhiệt tình",1
"Rat gan khu vuc pho co. Chung toi khong mat nhieu thoi gian de di lai. Nhan vien lich su nhiet tinh, chung toi se quay lai noi day.",1
Thiên nhiên Đà Lạt tuyệt vời trong cả 4 mùa. Đẹp nhất là thông và hoa. Chợ đêm cũng rất ấn tượng.,1
"- Gần trung tâm , thuận tiện các dịch vụ- Sạch sẽ , thoải mái",1
"Giuong kha  thoai mai, sach se",1
"Rất tốt, chủ ks rất nhiệt tình, bạn cần gì chủ ks cũng sẵn sàng giúp đỡ",1
"Sạch sẽ, Chủ khách sạn nhiệt tình.",1
"Căn hộ riêng biệt, khá thoải mái, chủ động sinh hoạt",1
"Khách sạn sạch, nhân viên thân thiện, gần khu trung tâm, tiện đi lại.",1
rất vui vẻ,1
Thích cách chăm sóc khách hàng đến nghỉ như một gia đình,1
"Nhân viên phục vụ tốt; quản lý thân thiện, nhiệt tình, tuyệt vời. Khách sạn sạch sẽ, rộng rãi, thỏa mái, đầy đủ tiện nghi, giá cả phải chăng. Chúng tôi đặc biệt rất ấn tượng với anh quản lý.The hotel service ís really very good. The receptionist ís friendly, ethusiastic, wondèrul. The hotel ís definately clean, fresh with large public spaces. The rate ís reasonable.we are particularly impessed by the manager who is always with smiles, very actively supportive to us.",1
Sach se,1
"view đẹp mình rất thích, có máy sưởi ấm, mình ở phòng rộng nhất có ban công. rất thoải mái, thư giãn, giường êm. gọi taxi dễ.",1
phong dep sach se.,1
"Mọi thứ gần như không có gì để chê cả. Cảm ơn bé Thảo lễ tân đã tận tình hướng dẫn cho chị, cảm ơn nhóc Phúc giúp chị có những bữa sáng rất ổn, cảm ơn bé My, nhóc Tú và cả David nữa... chắc chắn chị sẽ quay lại! Cảm giác giống như được ở nhà vậy! Thanks all!",1
"Vị trí thuận tiện, nhân viên nhiệt tình",1
Nhân viên rất nhiệt tình và thân thiện,1
"Thái độ nhân viên rất tốt, phòng cũng được. Tôi book phòng hướng vườn nhưng được upgrade miễn phí lên phòng hướng hồ bơi với view khá đẹp. Ăn sáng có nước quả tươi.",1
"Hồ bơi sạch, phòng đẹp, roof top bar của khách sạn là nơi tuyệt vời để ngắm hoàng hôn trên biển.",1
"Khung cảnh sân vườn, thiết kế phòng nghĩ, thái độ phục vụ và giá cả hợp lý.",1
"Nhan vien tiep tan, phuc vu rat niem no , nhiet tinh voi khach, tao cho minh mot cam giac than thien nhu voi nguoi than !",1
"Dễ dàng di chuyển những vùng quanh phố cổ, Hồ Gươm, phòng nhìn ra đường nên rất thích.",1
Thái độ nhân viên thân thiện. Sáng mình phải đáp chuyến bay sớm nhưng nhân viên đã chuẩn bị bữa sáng cho mình. Nhất định lần sau sẽ ghé lại.,1
Vi tri Thuan loi cho than quan hanoi,1
Tôi thích đồ ăn sáng tại đây,1
"ilovetulinh  <3  đồ ăn sáng ngon , tất cả đều tuyệt vời !!!!!!  . bạn sẽ không hối hận khi đặt phòng ở đây !  >:D<",1
"Phòng rẻ, gần Hồ Xuân Hương, có buffet miễn phí",1
Sạch sẽ.Gần trung tâm.Giá hợp lí.,1
"Nhân viên ở đây rất nhiệt tình, phòng ốc sạch sẽ, vì có đi cùng em bé nên nhân viên thay toàn bộ ga giường, vỏ gối, chăn hàng ngày. Ngoài ra còn có nhân viên trông coi và mở cửa 24/24 nên có đi chơi về khuya không ngại gọi cửa như khách sạn gần đó. Khách sạn ngay khu trung tâm, gần biển, gần chợ đêm, gần tháp Trầm Hương => rất tiện. Giá cả thì quá sức hợp lý so với giá tiền và chất lượng",1
Ks trang trí đẹp,1
"Thái độ phục vụ tốt , phòng sạch sẽ",1
Giường ngủ êm và sạch,1
"Diện tích phòng thông thoáng, thoải mái, rộng rãi. Có tầm nhìn đẹp, nhìn được ra biển. Nhân viên phục vụ thoải mái, tận tình.",1
"Khách sạn gần chổ làm việc, có thể đi bộ đến được. Gần biển, gần các trung tâm du lịch vui chơi của thành phố. gần siêu thị, chợ... OK.",1
Nằm giữa khu vực đông vui..,1
Vị trí trung tâm phố TâyĐiều hoà hoạt động tốt,1
Phòng rộng rãi hơn mình nghĩ khá nhiều! Tuy mình mới ở phòng hạng standard thôi nhưng chẳng thiếu hay kém cạnh gì hạng sup cả :) mình rất hài lòng về khách sạn Elite,1
"Không gian yên tĩnh, sạch sẽ, nhân viên vui vẻ nhiệt tình, tạo điều kiện cho gia đình tôi ở 2 phòng sát nhau",1
"Nhân viên rất thân thiện, đáp ứng nhanh chóng sự yêu cầu của khách",1
"Bữa sáng ngon, sạch sẽ, khá gần trung tâm",1
Phong co view rat dep! Tien nghi tot!,1
Ks có tầm nhìn đẹp,1
bữa sáng khá tuyệt,1
"View thị trấn đẹp, phòng rộng",1
"Phòng nghỉ đẹp, sạch sẽ, view tốt.",1
Phòng nghỉ đẹp tuyệt Nội thất hiện đại Không gian ấm cúng hiện đạiGía cả phải chăng Mọi người nên ở khách sạn này,1
Khách sạn ấm cúng cho một chuyến đi mùa lạnh,1
Sương mù dày đặc,1
"Nhân viên nhiệt tình, chu đáo, view đẹp.",1
"Phòng sạch sẽ, nhân viên nhiệt tình",1
"Nhân viên thân thiện, dễ mến",1
View nhìn ra quảng trường,1
khong co,1
Tôi đã đặt phòng .Nhưng tới nơi các bạn cho ở khách sạn khác,1
"Sự thân thiện,,nhiêt tình,khu vực yên tĩnh,noi chung rất tuyet",1
Vị trí thuận tiện gần các địa điểm du lịch nổi tiếng.,1
"Nội thất ổn, giá không quá đắt sau khi sale off",1
"Nhân viên thân thiện, phòng sạch sẽ, tiện nghi khách sạn tốt.",1
Gần trung tâm,1
"Rất sạch sẽ, nhân viên rất nhiệt tình giúp đỡ khi bạn muốn đi thăm quan hay ăn uống",1
Sạch sẽ thân thiện,1
Phòng rất rộng và sạch sẽ,1
"Khí hậu se lạnh, thích",1
Địa điểm rất thuận lợi.,1
Gần trung tâm phố cổ.,1
Nhân viên thân thiện.nhiệt tình.bữa sáng ngon.phục vụ chuyên nghiệp.phòng sạch sẽ.,1
Rất thuận tiện.,1
Nhân viên nhiệt tình.vị trí thuận lợi để tham quan và ăn uống,1
Nhân viên phục vụ,1
"Phòng rộngThiết kế giường, toilette hợp lý",1
"Phòng nghỉ sạch sẽ ấm cúng, nhân viên rất thân thiện và vui vẻ. Vị trí rất thuận lợi. Đồ ăn rất ngon.",1
"Phòng rất đẹp, nhân viên thân thiện và đồ ăn khá ngon.",1
"Thuận tiện ăn uống , ra hồ gươm rất gần , nhân viên thân thiện",1
Sạch sẻ sang trọng và vui vẻ niềm nở,1
Quản lý và nhân viên rất nhiệt tình và chuyên nghiệp. Tạo điều kiện thuận lơik cho khâch cư trú thoải mái nhất. Câm ơn Urban Alley,1
"Thái độ phục vụ của nhân viên rất tốt. Đưa xe oto ra đón mình và giới thiệu về sapa rất rõ ràng và chi tiết, giới thiệu quán ăn cũng ngon nữa. có cho thuê xe máy luôn :)Rất hài lòng, có bạn lên sapa nhất định sẽ giới thiệuPhòng sạch sẽ , chăn ấm, nêm êm .",1
Khách sạn mới nhưng xa trung tâm thị trấn,1
"Phòng nghỉ sạch sẽ,  nhân viên rất thân thiện và nhiệt tình!",1
"Rất tốt, rất thoải mái, nhân viên rất nhiệt tình",1
Phòng ngủ rất tốt và sự phục vụ của nhân viên rất tốt.,1
Nhân viên nhiệt tình,1
"Phòng nghỉ mới, sạch sẽ, thoáng mát mà giá cả lại hợp lý. Anh chủ dễ thương nhiệt tình. Tóm lại mọi thứ đều ok",1
Nhân viên rất nhiệt tình và mến khách.,1
"Phòng sạch sẽ, tiện nghi",1
Thái độ phục vụ rất tận tình và chu đáo,1
"Khăn, gối, nệm sạch sẽ, thơm tho",1
"Vị trí KS rất thuận tiện cho việc tham quan các bản, thác, núi hàm rồng, chợ Sapa.",1
suwj thoai mái,1
Di choi va kham pha duoc nhieu dieu dia diem du lich kha dep.,1
"Phòng sach, thoáng,gia hợp lý, tôi sẽ quay lại làn sau.",1
"phòng sạch, thoáng, gần nhiều điểm tham quan , nhân viên nhiệt tình, thân thiện.",1
"Nhân viên tư vấn nhiệt tình, tốt,Phòng ở tiện nghi, sạch sẽ, địa điểm cũng ngay trung tâm . hài lòng về khách sạn",1
"Gần chợ, trong phố cổ,  tiện lợi trong việc tham quan, mua sắm ăn uống.",1
"Đồ đạt nội thất đã xuống cấp.. Nhất là hệ thống toalet có mùi hôi , vòi sen, vòi nước gần như bị bong ra..nhưng bù lại nhân viên rất nhiệt tình, dễ chịu.. Vị trí cũng thuận tiện để đi lại!",1
"Phòng đẹp, nội thất tốt",1
"Vị trí tốt, giá tốt.",1
Phục vụ rất thân thiệt và đáng mến,1
địa điểm thuận tiện khi đi chơi phố cổ,1
An sang ngon,1
"Tầm nhìn ra trung tâm, vị trí gần Phố cổ, Hồ Gươm, thuận tiện đi lại ngắm cảnh và ăn uống.",1
"Khách sạn nằm ở vị trí thuận lợi, đầy đủ tiện nghi, nhân viên thân thiện",1
phòng sạch sẽ,1
"vui vẻ, trung tâm rất thuận tiện đi lại tham quan",1
"Khách sạn sạch sẽ, nhân viên tiếp đón ân cần, vị trí thuận tiện.",1
Nội thất phòng đẹp.đi lại ăn uống thuận tiện.nhân viên thân thiện.,1
Phòng sạch sẽ và đẹp. Tôi rất hài lòng,1
"Thoải mái như chính đang ở nhàNhân viên thân thiện, giúp đỡLocation tốtRất đáng giá tiền",1
"Phong canh, con người.",1
rẻ hơn,1
"Phòng sạch sẽ, thoải mái, yên tĩnh, tiện nghi đầy đủ.Nằm trong khu phố cổ nên tiện việc đi lại tham quan một số địa điểm du lịch.",1
"Nhan vien than thien ,khach san sach se",1
Thich cach phuc vu. Than thien nhe,1
"dịch vụ đặt phòng rất thoải mái ,nhân viên hướng dẫn tận tình , sẽ trở lại khách sạn khi có dịp về Hà nội",1
"khu vực trung tâm phố cổ, phòng rộng rãi, nhân viên rất thân thiện nhiệt tình.",1
"Thích gường to, êm, sạch. Thích view hồ.",1
"Vị trí trung tâm, gần Hồ Hoàn Kiếm",1
Bữa sáng được,1
"Phòng sạch sẽ, giường ngủ thoải mái. Không gian thoáng.",1
"Nhân viên khách sạn thân thiện, nhiệt tình, phòng sạch sẽ",1
"phòng sạch sẽ, giường ngủ thoải mái, vị trí tuyệt vời cho du khách muốn nghỉ ngơi và tham quan phố cổ Hà Nội",1
"Khách sạn ngay trung tâm phố cổ, phòng đẹp",1
Location,1
"Nhân viên thân thiện ,nhiệt tình  chỗ ở tốt gần Hồ Gươm",1
"Nhân viên phục vụ tốt, lịch sự. Khách sạn sạch sẽ, wifi tốt.",1
Reception ok,1
Giường khá êm và sạch sẽ.,1
Nhân viên phục vụ dễ thương và rất nhiệt tình giúp đỡ khi bạn gặp khó khăn.,1
Đi vào mùa thu nên thời tiết mát mẻ,1
"Buffet sáng ngon, hồ bơi thuận tiện tuy hơi nhỏ, xe đạp miễn phí, nhân viên hỗ trợ tốt.",1
"nhân viên khá nhiệt tình, địa điểm ngay phố cổ, có thể đi bộ tham quan tiện lợi",1
vị trí good,1
Vi tri thuan tien,1
vị trí trung tâm thuận tiện,1
"Khách sạn nằm gần trung tâm phố cổ, hồ gươm",1
Su tien loi,1
"Vị trí, nhân viên, giá cả và chương trình tour du lịch tham quan vịnh Hạ Long",1
"Vị trí thuận tiện, khu phố Tây tập trung nhiều dịch vụ ăn uống, gần khu vực Hồ Gươm có thể đi dạo buổi tối",1
khách sạn nằm tại trung tâm hanoi nên rất tiện ích,1
Đây là một địa điểm rất đẹp giúp chúng tôi có thể đi bộ đến các trung tâm mua sắm và trải nghiệm ẩm thực Hà nội.,1
"Homestay dễ thương..phòng rộng , thoải mái, nhân viên nhiệt tình , dễ thương , có thể về khuya không sợ ks đóng cửa",1
"Cô tiếp tân rất dễ thương, nhiệt tình, hướng dẫn mọi thứ rất tận tình.Mình tới sớm hơn giờ check in nhưng do có phòng trống nên cho mình được nhận phòng sớm. Phòng ốc sạch sẽ, thuận tiện các tuyến đường ra phố cổ hoặc ra biển",1
"sạch sẽ, ăn sáng nhiều lựa chọn, thái độ nhân viên tốt",1
"Phòng rộng rãi, sach se, đầy đủ tiện nghi, homestay nhưng còn hơn cả khách sạn 3 sao, giường rộng 3 người ngủ thoải mái. Anh chủ rất nhiệt tình và thân thiện.",1
"Nhân Viên lịch sự, hòa nhã. Bữa ăn tuyệt vời, Chi phí quá rẻ, địa điểm thuận tiện cho việc tham quan các danh lam gần. khu vực ngủ nghỉ, ăn uống sạch sẽ.",1
Không trộm cắp dù đông người,1
Thái độ nhân viên ở khách sạn rất tốt. Phòng và wc vô cùng sạch sẽ và tạo cảm giác rất thoải mái và chuyên nghiệp.,1
"Không gian xanh, được chăm sóc thường xuyên. ông bà chủ thân thiện, yêu thiên nhiên. nhân viên phục vụ tốt",1
view sông,1
Thoải mái Chủ nhà hieu khách,1
"Phòng rộng , đầy đủ tiện nghi , ks có hồ bơi đẹp , vị trí thuân lợi , nhà tắm có bồn massage",1
Nhan vien phuc vu,1
Giường ngủ thoải mái,1
"Nhân viên rất thân thiện, phục vụ tốt.Giường và phòng thoải mái",1
Dịch vụ rất tốt. Đáng tiền,1
"Nhân viên rất thân thiện và tiếp đón chu đáo. Chúng tôi bị trễ chuyến bay và check in vào lúc 1AM nhưng nhân viên rất ân cần hỏi thăm, ăn sáng buffet đổi món hằng ngày, rất vừa miệng, phòng đẹp và sạch sẽ. Đối diện có quán bò nướng cũng khá ngon.",1
"Tiện di chuyển. Ăn uống. Nhân viên thân thiện, chuyên nghiệp.",1
"Sạch sẽ, địa điểm thuận lợi, phục vụ chu đáo",1
Phòng đẹp. Không gian đẹp. Gần phố cổ.,1
"Clean, nice view, pretty good location to the own town, free bike (but you have to ""look creditable"" :-D).",1
"Rất gần phố cổ, đi lại rất tiện. Ks có sân vườn thoáng mát. Sẽ ghé lại nếu đi Hội An.",1
Không gian yên tĩnh,1
"Phòng rộng, tiện nghi đầy đủ, sạch sẽ, nhân viẻn nhiệt tình",1
Phong kha sach se. Nhan vien than thien. Vi tri thuan tien. Minh se tro lai khach san neu co dip.,1
"• Chuyến đi nghỉ mát    • Cặp đôi    • Phòng Tiêu chuẩn Giường Đôi    • Đã nghỉ 1 đêm    • Gửi bằng di độngNothing, it was a great experience.Staff is really great and helpful. We spent two nights in their hotel and they arranged our trip to Sapa and to Halong bay without problem. All the staff made our trip in Hanoi easier. We were received with fresh fruit and drinks which helps to manage the high temperature.Rooms, attendance, location, everything was ok. I highly recomend this hotel.",1
Very nice hotel with the best staff ever. Affordable prices with very clean rooms and excellent service. They arranged everything from taxis to trips around the northern Vietnam. You don't find a better location in Hanoi. All in all a fantastic place to stay. Would definately stay here again if I was to visit Hanoi.,1
Địa điểm thuận tiện đi lại,1
Such friendly staff and lovely breakfast. truong is also a helpful dude,1
"Phục vụ nhiệt tình, bữa sáng đa dạng.",1
"Vị trí tốt, nhân viên nhiệt tình, thân thiện, dịch vụ thuê xe rẻ hơn các khách sạn xung quanh",1
tôi đến khách sạn ở 3 đêm tôi rất thich khách sạn này vì yên tĩnh và nhân viên phục vụ rất nhiệt tình.,1
"May nên được upgrade lên hạng cao hơn, phòng ốc đẹp tuyệt, view hết xảy. Vị trí không chê vào đâu được.",1
"Nhan vien nhiet tinh, vi tri dep.",1
Phòng đẹp và thoải mái,1
Phòng đẹp view ok,1
Vị trí,1
nhân viên khách sạn rất dễ thương. vị trí hotel tuyệt vời...rất thú vị.,1
"Nhân viên thân thiện, chỗ ở sạch sẽ đầy đủ tiện nghi, thuận tiện đi lại.Rất hài lòng.",1
"khách sạn sạch sẽ, nhân viên ân cần, ngay trung tâm phố cổ",1
"Nhân viên khách sạn vui vẻ, nhiệt tình và chu đáo",1
Chủ homestay thân thiện hoà nhã ân cần tốt bụng,1
Owner is good,1
chủ nhà thân thiện,1
"cảnh đẹp, căn hộ đẹp",1
tiện nghi trong căn hộ và khuôn viên khách sạn đẹp,1
Thái độ lễ tân nhiệt tình và không gian yên tĩnh.,1
Khuôn viên khách sạn khá đẹp. cảnh quan được bài trí bắt mắt. Bánh mì khá ngon,1
Thái độ phục vụ chưa được tốt,1
Be boi va phong tap,1
Sự yên tĩnh. Thoải mái.,1
Be boi sauna,1
"Nghỉ ngơi, thoải mái và thư giãn.",1
"Nhân viên nhiệt tình, vị trí tốt.",1
Tien nghi va yen tinh,1
"Vi tri,sach se,tien nghi",1
Sự sạch sẽ và service của mayfair,1
"Phong tien nghi va thoai mai,sạch se,nhan vien phuc vu tan tinh,tốt va chu dao.",1
"Khách sạn nằm trong khu phố cổ rất yên tĩnh,đồ ăn trong khu vực xung quanh khách sạn ngon mà giá cả phải chăng. Ngoài ra, do ở gần Nhà thờ Lớn nên có thể nghe tiếng chuông vào sáng sớm, rất thích.",1
Hanoi Rock Hostel đã cho chúng tôi trải nghiệm rất thú vị trong 2 ngày 3 đêm ở Hà Nội. Lần đầu tiên ngủ trong phòng tập thể nam nữ đúng là nhiều điều thú vị. Sảnh và quầy bar đẹp,1
Mọi thứ đều tốt,1
"Giuong ko sach se, ko thay ga trai giuong",1
"Vị trí rất tốt, nhân viên nhiệt tình và thoải mái",1
"Giường mềm, chăn ấm. Địa điểm tốt, không gian đẹp",1
Chuyên nghiệp,1
- Hồ bơi đẹp.- Nhân viên lễ tân vui vẻ và rất nhiệt tình.- Phòng nội thất đẹp.,1
"Thư giãn với không gian yên tĩnh, hồ bơi đẹp,nhân viên phục vụ dễ thương.",1
Tiện nghi khách sạn tốt. Nhân viên lễ tân thân thiện và vui vẻ. Vị trí thuận lợi. Hồ bơi đẹp.,1
"Bãi tắm,hồ bơi va phong cách phục vụ nv tốt,nhã nhặn va lịch sự.!!!",1
"Bãi biển riêng và hồ bơi sạch sẽ, an toàn cho trẻ con. Hồ bơi luôn có nhân viên cứu hộ giám sát. Phòng nghỉ sạch sẽ, các món ăn chế biến vừa miệng và giá cả phải chăng.",1
"Phòng đẹp, Hồ bơi và không gian thoángĂn trưa ngon, đồ ăn tươiNhân viên lễ phép, tốt",1
"Phòng rộng và đẹp. Mình book 4 phòng hill side được nâng cấp 2 phòng lên ocean view và garden view. Dù ksan có thông báo là sẽ k cho nhận phòng sớm do mình đi cuối tuần nhưng vẫn dc nhận 3 phòng lúc 10h. Hồ bơi lớn, đep có để nơi để khăn cho khách ko như nhiều resort khác. Gia đình mình vừa ra ghế hồ bơi ngồi đã có nhân viên ra cắm dù che.Trên bãi biển có nhiều gánh hàng rong bán hải sản tươi ngon giá rẻ.",1
Hồ bơi,1
Hồ bơi đẹp. Khung cảnh vườn đẹp.,1
Bữa sáng ngon .tốt,1
"Không gian thoải mái, thoáng mát",1
"Không gian bể bơi đẹp, thoai mái.",1
"Nhân viên chu đáo và nhiệt tình, cảnh đẹp thơ mộng",1
Cảnh đẹp,1
Khong gian dep,1
Phong trang tri dep,1
Tiện nghi phòng ốc tốt,1
Phòng nghỉ tương đối sạch sẽ,1
Thích du lịch cùng con,1
"Vị trí được, bãi biển hơi dốc",1
Ks Muong thanh o mui ne dep va sach se. Canh quan dep,1
"Hồ bơi rất đẹp, rong, thoang và có đội ngũ bảo vệ an toàn",1
"Phong sach, depPhong canh dep.",1
Nice swimming pool,1
"dịch vụ tại khách sạn tốt, tiện nghi, thoải mái",1
"ks gần biển, hồ bơi sạch sẽ, sân vườn thoáng mát, nv phục vụ tốt",1
"Gan nhieu dia diem du lich,bai bien dep, do an ngon, nhan vien nhiet tinh.",1
"yên tĩnh sạch sẽ, view đẹp",1
"Nhân viên khiêm tốn, niềm nở, vui vẻ",1
"Phòng rộng, nhân viên rất thân thiện, đồ ăn giá hợp lý và ngon. Địa điểm rất tuyệt vời.",1
"O day rat thoai mai, co chu rat tu te va lo cho khach rat chu dau",1
Bữa sáng ngon,1
Chất lượng dịch vụ và phòng tốt và giá rất rẻ. Nhân viên phục vụ rất nhiệt tình. Vị trí khách sạn rất trung tâm. Nói chung mọi thứ đều ổn so với giá,1
Book online,1
"Địa điểm khá ổn, gần những tuyến phố nhộn nhịp của phố cổ.",1
"Hình như đi ngoài mùa du lịch nên được xếp vào phòng khá rộng rãi, tận 2 giường trong khi book có 1 giường đôi, cho thấy chủ hotel khá thoải mái. Mọi người trong nhà cũng khá hòa nhã và nhiệt tình chỉ dẫn.Vị trí đi lại thuận tiện, ngay đường Nguyễn Văn Linh ở trung tâm, đi bộ 1 tí có thể lên cầu Rồng.",1
Phòng sạch sẽ thoáng mát,1
Địa điểm gần trung tâm và giá cả tương đối tốt,1
"Lễ tân rất nhiệt tình, dễ mếnPhòng, toilet rộng sạch",1
"Nhân viên thần thiện nhiệt  tình. Phòng  tiện  nghi,  sạch  sẽ.",1
"nhân viên nhiệt tình, phòng sạch sẽ , đẹp giống hình chụp",1
Vị trí đẹp,1
nhân viên nhiệt tình và dễ thương. từ nay sẽ chỉ tới đây nghỉ,1
"nhân viên phục vụ lịch sự , thân thiện.",1
Nhân viên nhiệt tình lịch sự,1
Thái độ phục vụ nhân viên,1
"Bữa sáng đầy đủ và ngonPhòng sạch sẽ, yên tĩnh. Phòng tắm gọn gàng nhưng vòi hoa sen hơi tắc.",1
"Bữa sáng ngon, đầy đủ",1
"Bữa ăn sáng ngon và đầy đủ, rất thoải mái",1
Địa điểm thuận lợi cho việc ăn uống tham quan ngay trong phố cổ,1
Phòng rất sạch sẽ,1
thân thiện,1
"Thái độ của nv rất tuyệt vời, phonhf sạch sẽ, mọi ng thân thiện, nhiệt tình.Lần sau m vẫn chọn nghỉ tại đây",1
Tôi thích khách sạn này,1
"Sạch sẽ ,đẹp",1
"Nhân viên thân thiện, đồ ăn ngon, không gian dễ chịu.",1
"nhân viên nhiệt tình vui vẻ , ăn ngon ,",1
"Không gian yên tĩnh, dễ chịu. Nhân viên phục vụ tốt. Đồ ăn ngon,rất thích món cá nướng.",1
"Nhân viên cực kì thân thiện và nhiệt tình,phòng sạch sẽ,thoải mái",1
Thick sự nhiệt tình của nhan viên,1
"trang thiết bị trong phòng tốt, không gian xung khách sạn đẹp.",1
Có thể nói vị trí view là lợi thế không hề nhỏ của KS. Với hướng ban công nhìn thẳng ra hồ tây đem lại cảm giác thật tuyệt vời cho mỗi buổi sáng thức giấc hay ngắm những chiều hoàng hôn từ ban công của phòng.,1
"Vị trí,sạch sẽ, đúng với hình ảnh giới thiệu trên web là hướng hồ",1
"vị trí đẹp, nội thất phòng bố trí hợp lý, rộng rãi.",1
"Địa điểm đẹp, yên tĩnh",1
Yên tĩnh,1
Sự yên tĩnh và thoải mái,1
Gan ho tay,1
Tiện nghi cho gia đình có con nhỏ,1
"Khách sạn ở vị trí tốt, gần quán ăn, khu mua sắm",1
"Tôi được lựa chọn cho mình những món ăn truyền thống yêu thích nhất, ví dụ như món bánh cuốn Hàng Gà.",1
"KS có vị trí tốt đi lại thuận tiện, đi bộ đến Hồ Gươm không xa. Hotel sạch sẻ, ăn sáng được không tệ, giá chấp nhận và rẻ hơn so với các ks cùng loại, nhân viên vui vẻ nhiệt tình...",1
Phong rong co ban cong,1
Giá rất tốt,1
"Đệm êm, thoải mái vô cùng",1
"Khách sạn sang trọng, có ăn sáng buffet",1
Vị trí lý tưởng. Gần trung tâmKhông gian ấm cúng,1
Very good,1
"Trung tam pho co, dao bo tot",1
"Khách sạn nơi yên tĩnh và có wie đẹp, lễ tân phục vụ tương đối nhiệt tình",1
"Vị trí đẹp tương đối thuận tiện,nhân viên thân thiện",1
"Thich khung canh dep, nhan vien niem no, tuy nhien do dac hoi cu",1
Thích phong cảnh và chất lượng phục vụ rất chuyên nghiẹp,1
Thích quay lại bhieeuf lần,1
"cô bé lễ tân cực đáng yêu....người nhỏ xíu mà vác cái vali bự chảng lên tầng 4 dùm mình....không kêu được nv buồng phòng,em í xách đồ lên quét dọn luôn...(do mình đi về sớm quá nv chưa dọn phòng kịp)tóm lại ấn tượng với cái khách sạn bé xíu có cô bé lễ tân bé xíu nhưng cực đáng yêu .",1
"Có thể dạo phố cổ bất cứ khi nào, nhân viên thân thiện (dù mình để lại hành lý rất lâu khi check out trong lúc đợi tới giờ ra sân bay), dù hostel tuy cũ nhưng do nằm trong khu phố cổ nên thấy ấm, có mùi cổ hjhj",1
"Khách sạn nằm trung tâm phố Cổ, gần chợ đêm và tiện mua sắm. Giá rẻ chỉ 200k.",1
kiến trúc cổ xưaphòng rộng rãinhân viên nhiệt tình vui vẻtrong khu phố cổ,1
"Khách sạn địa điểm trung tâm gần hồ Hoàn Kiếm và chợ đêm. Giá cả hợp lý, nhân viên vui vẻ.",1
"Khách sạn Hà Nội giá rẻ, nhân viên thân thiện. Khách sạn nằm ngay sát Hồ Hoàn Kiếm, gần phố đi bộ chợ đêm, các quán ăn vặt, chợ.",1
"nhân viên nhiệt tình, địa điểm thích hợp,",1
Không thấy thích gì cả,1
nhân viên khá nhiệt tình,1
Nhân viên nhiệt tình dễ mến. Thoải mái trong việc đi lại. Tôi thích không gian ở đấy. Đúng chất với tên gọi. Giá lại mềm...,1
"Phòng đẹp, giường thoải mái",1
"Vị trí khá tiện lợi, ăn sáng hết sức phong phú, ngon. Mình có note 1 số yêu cầu đặc biệt khi book qua booking và đều được đáp ứng chu đáo.",1
Rat Tien cho viec Di lai  .khung canh tot,1
"Vị trí dễ tìm, trên đường Bạch Đằng nhộn nhịp, xung quanh có nhiều quán cafe, ăn vặt nhìn ra sông Hàn. View từ phòng ks rất đẹp! Phòng rộng, tiện nghi và sạch sẽ. Bữa ăn sáng buffet phong phú và ngon miệng. Nhân viên ks tận tình, chu đáo. Ra khỏi ks sẽ có nhân viên giúp gọi taxi rất nhanh. Đặc biệt, khi bước vào ks, có mùi thơm rất dễ chịu, từ ấn tượng đầu tiên đã khiến tôi hài lòng.",1
"Thai do cua nhan vien fuc vu lam cho chung toi co an tuong rat tot, hy vong se mai fat huy , con nguoi luon la nhan to quan trong nhat cho moi su thanh cong . xin cam on cac ban .",1
Phục vụ,1
Mình thích ngồi trên tầng 17 ngắm sông Hàn vào buổi tối,1
"Vị trí tuyệt vời,ăn sáng tuyệt vời",1
"Nhân viên nhiệt tìnhThức ăn sáng ngonPhòng đẹp, sạch sẽVị trí tiện nghi",1
"Phòng ốc sạch sẽ, nhân viên thân thiện và rất nhiệt tình",1
"View nhin ra song rat dep, nhan vien rat than thien",1
Rất bất ngờ về ngày sinh nhật của Hotel dành cho chúng tôi.Đà nẵng đẹp và văn minh,1
"Nhân viên rất nhiệt tình, khách sạn sạch sẽ",1
mình thích cái giường và view ngắm thành phố,1
Du lich,1
Không gian tuyệt với,1
Phục vụ ăn sáng và mỗi tối được nghe nhạc ở lopy,1
Noi nghi tien nghi va co view rat dep,1
Good location and perfect hotel,1
Nhân viên phục vụ rất tốt.,1
"khách sạn tốt, phù hợp giá tiền, sẽ quay lại nếu du lịch đà nẵng",1
Ks cách biển tầm 1 km . Xung quanh có rất nhiều quán ăn ngon nổi tiếng của NT . Nhân viên rất dễ thương và nhiệt tình chỉ dẫn cho du khách khiến cho chuyến đi của chúng tôi rất tốt đẹp . Nhất định tôi sẽ quay lại nếu có dịp đến NT,1
Tôi thích sự ngăn nắp . Sạch sẽ của ks. Nhân viên phục vụ tốt. Địa điểm thuận lợi,1
"Sạch sẽ, thoải mái, máy lạnh tốt",1
"Nhân viên phục vụ vui vẻ, nhiệt tình, phòng ốc sạch sẽ như hình, hài lòng.",1
"gần biển, nhân viên nhiệt tình chu đáo, đầy đủ tiện nghi, wifi tốt",1
Phòng khách sạn khá là thoải mái và sạch sẽ,1
"Gia ca phai chang , nhan vien than thien , vi tri thuan loi",1
Khách sạn sạch sẽ,1
"Nhân viên và chủ rất thân thiện, nhiệt tình và cảm giác nơi này rất dễ chịu",1
"Phòng nhỏ gọn, sạch sẽ, thoáng. Chủ khách sạn thân thiện và nhiệt tình.",1
"Phòng đẹp, thoáng, nv vui vẻ nhiệt tình ...",1
"Nhân viên thân thiện, nhiệt tình. Khách sạn không gần biển lắm.",1
gần biển đi tắm khg cần xe đi bộ đcan ninh tốt,1
yên tĩnh,1
"Nhân viên và chủ đều nhiệt tình với khách. Khách sạn sạch sẽ, phòng rộng và đẹp",1
"Có xe máy cho thuê, có thể phượt bất kì lúc nào.",1
"tôi và gia đình thích cách phục vụ ở đây , họ nhiệt tình , chu đáo , niềm nở . gia đình chúng tôi sẽ trỏ lại đây nếu có cơ hội .",1
"đạp xe đi dạo buổi tốikhách sạn cho mượn xe đạp, xe máy trong thời gian ngắn",1
"Quang cảnh ở Đà nẵng tuyệt đẹp, đường đi rộng rãi, dễ đi.",1
Sự tiếp đón chu đáo !,1
Cảm giác thoải mái,1
Tuong đối gần biểnCó dịch vụ thuê xe tại ks,1
"Gọn sạch; nhân viên phục vụ chu đáo, niềm nở, giá cả phải chăng.",1
"Phòng sạch sẽ, yên tĩnhNhân viên nhiệt tình, thân thiện",1
"Vị trí thuận lợi, gần khu trung tâm. Nhân viên vui vẻ và nhiệt tình. Hồ bơi sạch sẽ, thoáng mát.",1
"Khách sạn rộng rãi, thiết kế đẹp, nhất là khu Villas. Nhân viên rất nhẹ nhàng dễ chịu.Phòng sạch sẽ, rộng rãi,ăn sáng tốt. Xứng đáng với Ratings của Booking.com.",1
"Hotel lãng mạng, sạch sẽ, tiếp viên tiếp đãi nhiệt tình.",1
Phong thái và tiện nghi đầy đủ cảnh đẹp yên tĩnh,1
Dọn dẹp rất sạch sẽ và nhân viên rất nhiệt tình và dễ thương,1
"Cảnh quan xung quanh ks rất đẹp, vị trí khá gần Tam Cốc. Thức ăn ở mức độ trung bình. Phục vụ rất tốt và chu đáo.",1
Khá gần biển..nhân viên rất thân thiện..phòng đầy đủ tiện nghi...,1
"Nhân viên nhiệt tình, thân thiện. Phòng ở sạch sẽ, thoải mái. Đồ ăn sáng được. Với giá tiền thuê phòng + bao ăn sáng của k.sạn như thế là rẻ so với những k.sạn quanh đó. K.sạn gần biển, chỉ tiếc là đi vào mùa này k tắm biển đc. Chị chủ k.sạn cũng là chủ cửa hàng đá dưới sảnh thì vô cùng dễ thương, nhiệt tình. Mùa hè chắc chắn sẽ quay lại :)",1
"Mình và vợ mới đi nghỉ tuần trăng mật ở Đà Nẵng, nhìn chung phòng sạch sẽ, bữa sáng ngon, giá cả hợp lý, khách sạn tuy ko hướng ra biển nhưng cách biển có chưa đến 1km, từ ks đi vào khu trung tâm cũng rất tiện lợi, thích nhất là thái độ nhân viên khách sạn rất nhiệt tình và chu đáo, từ nhân viên lễ tân, nv nhà hàng đến bảo vệ, rất thân thiện và chu đáo.",1
"Nhân viên nhiệt tình, niềm nở, giá cả tốt, khách sạn mới và sạch sẽ. Khách sạn gần biển, gần cầu là sự lựa chọn hay cho ai thích ngắm biển, ngắm cầu",1
"Khach san moi, Do dac phong moi, sach se",1
Lễ tân nhiệt tình..,1
buffee sáng ngon,1
chất lượng phục vụ và tiện nghi tốt,1
An sang ngon du do an khoang nhieu nhung hop khan vi,1
Nhân viên phục vụ ok,1
Không gian ở yên tĩnh.Rất thuận tiện bắt taxi,1
"Cảm giác được bơi lội vào buổi tối (thứ 7) giữa những ánh đèn lấp lánh và tiếng nhạc vui vui, ngửa cổ ngắm sao và tận hưởng cảm giác sảng khoái của bể sục ngoài trời...Thật là tuyệt vời!",1
"Khu nghỉ khá yên tĩnh, không đông người và ồn ào.",1
"resort có nhiều cây xanh, yên tĩnh, view biển đẹp, phòng ốc sạch sẽ, nhân viên vui vẻ, nhiệt tình.",1
"Tiện nghi, sạch đẹp và rộng rãi",1
"Phòng đẹp, sạch sẽ. Ăn sáng ngon, nhân viên nhiệt tình",1
thiết kế đẹp. phục vụ tốt. yên tĩnh,1
"khách sạn mới, nội thất đẹp và tiện nghi, nhân viên thân thiện và vui vẻ",1
Bãi biển đẹp,1
Rất yên tĩnh,1
"Nhân viên thân thiện, nhiệt tình, lúc nào cũng tươi cười, ngay cả bảo vệ tòa nhà & nhân viên dọn phòng. Phòng sạch sẽ, rộng rãi, tiện nghi, view đẹp, yên tĩnh, có sân chơi cho trẻ em & siêu thị phía dưới rất tiện. Gia đình chúng tôi có con nhỏ nên được tạo điều kiện check-in sớm & check out muộn hơn giờ qui định, vì vậy kỳ nghỉ của chúng tôi thật sự thoải mái.",1
"Đầy đủ tiện nghi, có khu vui chơi, mua sắm",1
"Tôi thích khu toà nhà ó đầy đủ dịch vụ bên dưới , phòng thì rộng rãi",1
Vị trí đẹp. Tiện nghi. Nhân viên tốt.,1
view,1
"Tôi rất ấn tượng cách phục vụ của nhân viên khách sạn, luôn mỉm cười, niềm nở, sẵn sàng giúp đỡ  khi mình cần. Bữa ăn sáng ngon, từ khách sạn đi bộ đến phố cổ khoảng 5 phút, yên tĩnh.",1
"Nhà hàng của khách sạn có trong và ngoài sân, tôi thraast thích cách bài trí này. Nhân viên tận tình, chu đáo và thân thiện, khách sạn tuy nhỏ nhưng đầy đủ tiện nghi. Phòng sạch sẽ, hồ bơi có nước ấm. Đặc biệt là chỉ cần 10 phút đi bộ là có thể đến được phố cổ.",1
"Tôi thích nhất là sự đón tiếp niềm nở của toàn thể nhân viên khách sạn đặc biệt là vợ chồng người chủ. Rất quan tâm và nhiệt tình với khách hàng. Món ăn thì ngon và dịch vụ spa thì rất thư giãn. Tôi thích quang cảnh buổi đêm khi ra ban công ngắm nhìn dòng sông, cảm giác thật yên bình thư thả. Tết Dương lịch tôi sẽ đưa cả nhà quay lại nơi đây và chắc chắn sẽ chọn Lantana làm nơi dừng chân cho gia đình mình. Lantana thật tuyệt!",1
"Phục vụ chu đáo, thân thiện và chuyên nghiệp",1
"Phòng ở đẹp, sạch sẽ, tiện nghi đầy đủ, giá tốt.",1
"Chất lượng phòng tốt với tầm giá, nhân viên chu đáo, tận tình.",1
Nhan vien rat nhiet tinh va chu dao. Khach san sạch se,1
Giường thoải mái. Tắm nước nóng thoải mái.,1
"An toàn, gần nơi công tác.",1
"Vị trí khách sạn trung tâm phố cổ. Nhân viên nhiệt tình, phòng ốc sạch sẽ, ấm cúng, nội thất hiện đại",1
Sự thoải mái nơi ở và sự nhiệt tình của nhân viên,1
Trang trí hợp lý,1
Hop li gia,1
Không thích điều gì,1
"Khách sạn gần khu trung tâm, gần chùa Linh Sơn. Giá phòng phù hợp cho những khách du lịch tiết kiệm.",1
"Nhân viên thân thiện, giá phòng rẻ, giá thuê xe rẻ, gần nhiều chỗ ăn uống tốt.",1
"Chị chủ rất thoải mái, nhiệt tình, dễ thương. Lần sau nếu quay lại vẫn sẽ book 128.",1
Phong rong rai,1
Nhân viên rất thân thiện,1
Thoải mái,1
"Lễ tân vui vẻ, tận tình với khách",1
"Thái độ phục vụ lịch sự, nhã nhặn, biết quan tâm đến người khác.",1
Cô nhân viên chơi đàn tranh rất hay :),1
Sạch sẽ,1
Gia đình rất thân thiện và nhiệt tình. Phòng sạch sẽ thoải mái. Khá gần khu phố cổ!,1
C chủ rất nhiệt tình,1
Chủ khách sạn rất thân thiện và nhiệt tình.,1
1/ sự thân thiện và nhiệt tình2/ không gian yên tĩnh và môi trường sạch.,1
"Nhân viên thân thiện, với một khách sạn ba sao thì mình khá hài lòng. Đồ để quên được giữ lại cẩn thận cho khách. Đồ ăn sáng khá ổn và bếp sạch sẽ.",1
"Vị trí trung tâm, thuận tiện đi lại, nhân viên nhiệt tình",1
Vị trí đi lại khá thuận tiện,1
giá cả hợp lý,1
Ngay trung tâm thành phố,1
Đồ ăn sáng ngon Nhân viên phục vụ tốtPhòng sạch sẽ ,1
Sự sầm uất của phố cổ Hà nội,1
"Khách sạn mớiThiết kế đẹpNhân viên phong cách chuyên nghiệp và nhiệt tình, chu đáoGiá tốtRất sạch sẽ",1
"không gian yên tĩnh, không khí trong lành , mát mẻ. Bữa sáng thì không phong phú nhưng hiểu được là do ít khách nên khó sắp xếp.Tóm lại RẤT HÀI LÒNG",1
Bể bơi và không gian rất tuyệt vời,1
"Nhân viên cực kỳ thân thiện, bạn tiếp tân nữ ốm ốm cực kỳ dễ thương, phòng ốc sạch sẽ, tiện nghi, tốt nhất trong tầm giá, vị trí hơi xa so với trung tâm nhưng gần bãi biển mỹ khê",1
Sach sẽ,1
phòng tạm được,1
"Thái độ phục vụ rất tốt, chủ nhà nhiệt tình và chu đáo. Địa điểm trung tâm, thuận tiện đi lại. Không gian phòng ấm cúng, thoải mái.",1
"Thực sự rất ấn tượng về lòng nhiệt tình của bác chủ nhà, bị mất túi sách mà giữa đêm bác cùng gia đình đã cùng nhau tìm giúp và tìm thấy.Phòng ốc rất sạch sẽ, gọn gàng và thơm :) năm sau đi chắc chắn sẽ quay lại đây",1
"Không gian khá yên tĩnh, chủ nhà thân thiện! Chỉ cần đi vài trăm mét là đến phố cổ để chụp hình rồi!",1
"Nội thất đẹp, như ksan sang chảnh đối diện homstay vậy. Có ban công đón gió mát và thoáng. Nhà mới xây nên nhìn rất sạch sẽ. Khuốn viên thoáng mát, cảm giác rất thoải mái.Có thể đặt tour CLC và xe shuttle bus ra ĐN. Nhà chủ còn tặng 1 đĩa hoa quả khi đến nghỉ. Lúc bọn mình check out còn tặng thêm đĩa dứa ăn cho mát nữa. High recommend cho bạn nào ở đây.",1
"Khách sạn khá gần trung tâm, tiện nghi tốt, nhân viên thân thiện, có đủ các nhu cầu cần thiết, quá xứng đáng với số tiền tôi bỏ ra. Khách sạn mới xây nên mọi thứ đều mới, sử dụng tốt. Hôm tôi đến Hội An lạnh và mưa nhiều nên tôi cũng ko đi đc nhiều nơi, khách sạn cho tôi mượn dù và áo mưa, dép, để tôi có thể đi ra phố. Cám ơn bạn lễ tân buổi chiều tối đã hướng dẫn tối đa các câu hỏi của tôi",1
"Ân cần, niềm nở.",1
"Không gian tuyệt vời, phòng ngủ sạch sẽ.",1
phong rat sach se,1
"Thuận lợi cho công việc của tôi và rất thoải mái ! Vì vậy, tôi đã book lần thứ 2 vào tuần sau 12/04/2015 !!!",1
Anh chi chu nha rat nhiet tinh va tot bung. Neu co dip den Hoi An lan thu 2 nhat dinh minh se van dat phong nghi tai Thuan Phong Homestay,1
"Bữa sáng tuyệt vời, a chủ thân thiện,",1
"khách sạn mới và sạch sẽ, dịch vụ tương đối tốt (trừ lúc check out tôi đã nói ở trên), dịch vụ phòng tốt và nhanh, đồ ăn ở nhà hàng Pavilion rất ngon (tiếc là chỉ phục vụ ăn tối)",1
Món tráng miện buffet ngon và đa dạng,1
View đẹp,1
"Phòng thoải mái, ko khí dễ chịu,",1
Tôi thấy mọi thư rất thoải mái và ok. Nhưng trong phòng nên có một số hoa quả nữa thì tuyệt hơn.,1
"Quang cảnh đẹp, nhân viên nhiệt tình thân thiện.",1
Gia tien hoi dat,1
"Mot Ha long tuyet voi , toi mong co  nhieu khu nghi duong vui choi chat luong cao o Ha long.",1
"Nhân viên tại resort đều rất nhiệt tình và lễ phép, một trong những dịch vụ tốt nhất miền bắc mà t và gia đình từng sử dụng",1
Mọi thứ ở KS mình vợ chồng mình rất thích,1
"Khách sạn có view đẹp . Nhân viên thì rất thân thiện , ấn tượng của tôi rất tốt về nơi này , lần sau tôi cũng sẽ ở đây ,nói chung mọi thứ very very wonderful😍😍",1
"Ho boi sach se, dieu hoa tot, view dep. Co ban cong. bua an sang du it mon nhung cung duoc. Nhan vien vui ve. Gan trung tam. Gan cac quan an binh dan.",1
Nhan vien don tiep tot,1
"Nhân viên thân thiện, phòng rộng thoải mái",1
"- Phòng đẹp, thái độ phục vụ tốt- Giá tiền hợp lý",1
"Nhân viên nhiệt tình,đồ ăn sáng rất ngon",1
"Mình check in khá là trễ, lúc 0h30 tối, không gặp được chủ tuy nhiên được sự hỗ trợ nhiệt tình của các bạn ở chung, phòng thoáng sạch sẽ và yên tĩnh, bữa sáng tốt, chu đáo và nhiệt tình. Sáng gặp được anh chị chủ tiếp đón nồng hậu. Mình sẽ quay lại khi đến Đà Nẵng một lần nữa.",1
"Chủ nhà rất thân thiện và hòa đồng, tạo cảm giác cho khách như là đang đến nhà của một người bạn bè hơn là đến thuê trọ. Mình là 1 kẻ thích đi độc hành, thế nên sáng ngày đi về, vì vội quá nên không ăn sáng. Thế là bạn chủ nhà vội làm cho 1 suất ăn sáng mang đi dọc đường. Chỉ là một hành động nhỏ, nhưng lại khá ăn điểm vì làm cho khách thấy mình được quan tâm ở một nơi xa lạ.",1
"Nhà rất đẹp, sáng sủa và rộng rãi. Có vườn cây, cà phê ở lầu trênKhu vực chung rộng rãi, thoải mái. Không khí hostel rất yên tĩnh và biệt lập. Giá cả rẻ. Địa điểm dễ tìm",1
"Không gian sạch sẽ, thoáng, vị trí trung tâm",1
"Giường rộng, phòng tắm có vòi sen từ trên trần rất thú vị, ban công rộng rãi nhìn ra biển",1
"Resort phục vụ rất tệ, dọn phòng xong kg cho thêm dầu gội mới, gọi nói đem lên thêm thì kêu muốn thì mua thêm. Kêu xe đưa rước lâu, thu thêm phí chụp hình cư ới $100 nói là có xe đưa rước đi hướng dẫn chụp hình nhưng không hề có",1
"Khung cảnh rất đẹp, rất thư giãn.Khá đầy đủ tiện nghi và phù hợp cho các cặp đôi.",1
"Cảnh đẹp, đồ ăn ngon",1
Không có gì,1
"Ấn tượng đầu tiên chỉ có thể thốt lên ""wow"",khung cảnh đẹp,nhân viên nhiệt tình,đặc biệt là bãi biển,nước trong và sạch...",1
"Quang cảnh và kiến trúc rất đẹp, sạch sẽ, thư giãn",1
Tiện để ĐI họp tại vp bộ y tế,1
"Nằm ngay phố cổ, vài phút đi bộ ra hồ Gươm. ",1
"Vị trí tuyệt vời, ngay phố đi bộ, nhiều hàng quán, buối tối rất đông vui.",1
Nằm ngay giữa Khu phố cổ và gần Hồ Hoàn Kiếm.,1
"Vị trí ngay khu phố cổ, đi lại & ăn uống dễ dàng, phòng rộng rãi, sạch đẹp,tiện nghi, giá cả cũng OK, nói chung tất cả đều tốt ngoại trừ không có thang máy, nếu mang ít hành lý thì sẽ tuyệt vời.",1
"Phòng khách rộng rãi, tôi ở phòng 302 ngay ban công nên khá thoáng, vị trí phải nói là rất tốt, ngay khu trung tâm phố cổ, nằm sát phố Tạ Hiện rất đông đúc về đêm. Nhân viên nhiệt tình và sẵn lòng giúp đỡ. Nếu với giá từ booking và những điều trên, đây là 1 lựa chọn tốt cho kỳ nghỉ tại Hà Nội.",1
"gần khu phố cổ, có thể đi bộ dạo ra Hồ Gươm, hoặc ngồi uống bia ở phố Tạ Hiện",1
"ngay khu phố cổ, thuận tiện ăn uống",1
Hỗ trợ khá nhiệt tình,1
"Tat ca deu tot, neu co dip se tiep tuc ghe tai dia diem khach san nay",1
"Nhân viên thân thiện , khách sạn có địa điểm rất tốt",1
Vị trí phố cổ gần bờ hồ nên đón năm mới khá sôi động. Xung quanh có nhiều phố có hàng ăn.,1
Địa điểm gần trung tâm,1
"Nội thất gỗ đẹp, Phòng yên tĩnh, Thoải mái giờ giấc, Chỗ để xe ok và nhân viên nhiệt tình",1
"Vị trí, thái độ phục vụ",1
Đồ gỗ cổ và đẹp. Vị trí thuận lợi. Tiện nghi phù hợp với giá tiền,1
"Phòng rộng rãi, ngay khu phố cổ, khá tiện nghi để đi dạo Hồ Gươm, phố cổ.",1
Gia tot hon nua,1
"Phòng rộng rãi, vị trí tại phố đi bộ ăn uống nhộn nhịp. Giá cả phù hợp. An ninh.",1
"Ngay trung tam, gan ho guom",1
ngay khu an uong dong vui,1
Vị trí trung tâm,1
khu vuc khach san vui,1
Nhân viên nhiệt tình.Chỗ ở sạch sẽ. wifi ổn.Nói Chung hợp với việc đi phượt,1
Ngay trung tam pho co nen rat thuan tien di choi va an uong.,1
Phòng sạch sẽ nhưng hơi xa,1
tien loi khi dat chan den Da Nang vao lic 11h dem. gan san bay!,1
"Nhân viên và lễ tân rất nhiệt tình và luôn vui vẻ.Địa điểm tốt, cách đường Bạch Đằng sát sồng Hàn tầm chục bước chân.",1
Vi tri thuan tien,1
"Phục vụ nhiệt tình, chu đáo, ân cần, thân thiện. Giá cả phải chăng.",1
relax,1
"sạch sẽ, vị trí thuận tiện đi lại.",1
Ngay trung tâm thủ đô,1
"Phòng có view đẹp, tương đối sạch.Nhân viên dọn phòng thân thiện.Dụng cụ nấu ăn sạch và đầy đủ.",1
rộng thoải mái,1
Đến với Daeha cho mình cảm giác như đang ở nhà. Ko gian phòng ấm cúng. Nhân viên rất nhiệt tình và gần như các em rất tôn trong cuộc sống của khách.,1
"Nội thất được, phòng sạch sẽ",1
"Thoải mái tiện nghi như nhà vậy, rất tuyệt",1
Thái độ nhân viên tốt,1
gon gàng sạch sẽ,1
"Khách sạn có vị trí rất đẹp, phòng mình đặt lại là phòng trên mặt hồ nên view rất tuyệt, phù hợp cho các cặp đôi thích lãng mạn. Khách sạn sạch sẽ, thoải mái, tiện nghi và phần lớn nhân viên đều thân thiện, tích cực, xứng đáng với thương hiệu và tiêu chuẩn 5 sao mà giá tiền lại hợp lý hơn nhiều khách sạn 5 sao khác.",1
dia diem,1
"Cảnh quan tốt, phòng nghỉ tiện nghi, gối nằm rất êm ái và thoải mái, nhân viên phục vụ tốt.",1
Rat tot,1
"Vị trí, tiện nghi, sạch sẽ",1
Cảnh quan hồ.Nhân viên tuyệt vờiSunset Bar,1
"yên tĩnh, sạch sẽ, tiện ăn uống vì trong khu dân cư",1
design,1
"Nhân viên rất thân thiện, tiện nghi, đáng giá đồng tiền.Tôi có quên ipad sau 1 ngày quay lại nhân viên đã gửi lại, tôi rất cảm ơn",1
Phong dep,1
"Thái độ nhân viên phục vụ nhiệt tình, phòng sạch sẽ",1
"Nhân viên thân thiện, phòng rộng có viet đẹp. Khách sạn gần Tam Cốc",1
Nhân viên nhiệt tình,1
"Gần biển, gần sông, khu vực yên tĩnh",1
"Tiện nghi thoải mái, sạch sẽ, nhân viên rất nhiệt tình",1
"Giường rộng thoải mái. Phòng đầy đủ tiện nghi. Gần biển và cầu sông Hàn. Phòng không rộng lắm nhưng toilet rộng, sạch,  vừa đủ cho sinh hoạt. Có thang máy.",1
"Nhân viên thân thiện, nhiệt tình. Giá phòng hợp lý. Tiện đi ra biển và vào trung tâm.",1
"Gần biển và cũng gần trung tâm luôn.Mình thuê xe máy ở khách sạn để đi chơi 2 ngày. Nhân viên nhiệt tình. Phòng nhỏ nhưng sạch, đủ tiện nghi (cơ bản). Lần sau đến Đà Nẵng sẽ thuê tiếp ở đây.",1
"Nhân viên rất dịu dàng, dễ mếnChủ hotel cả cô, chú đều vui tính, thân thiệnPhòng 603 do 2 giường twin ghép lại thành 1 nên to hơn cỡ king, rất thoải mái",1
Nhân viên thân thiện. Khách sạn khá gần trung tâm.,1
"Địa điểm tuyệt vời, gần bãi biển và sông Hàn. Nhân viên nhiệt tình, dễ mến.",1
"Giường thoải mái, thái độ nhân viên thân thiện, gần biển, phòng rộng.",1
Sạch sẽ. Nhiệt tình. Giá rẻ,1
"Phòng nhỏ nhưng sạch sẽ, tiện nghi đầy đủ, giường ngủ thoải mái. Rất đáng tiền.",1
Nhân viên nhiệt tình,1
"phục vụ tốt, phòng sạch và thoải mái",1
giá xứng đáng cho địa điểm như vậy. nv nhiệt tình. tiện đường đi ra biển và vào tp,1
"Phòng rất sạch sẽ và đầy đủ tiện nghi. Nằm gần biển và cũng chỉ cách trung tâm 5p, nói chung rất là tốt,",1
Tuyệt vời,1
"Buffet có thể do ít khách ăn nén đồ cũ, không nên ăn buổi trưa, intenet ko tốt mặc dù trả phí là 300k/ ngày chưa vat. Các phụ phí nhiều. Chỉ đáng khoảng 4 sao",1
"Phòng đẹp, sạch tiện nghi, phục vụ tốt",1
Không gian,1
"Phục vụ tốt,niềm nở và nhiệt tình.",1
"Nội thất phòng ngủ tương đối tốt, tạo cảm giác thoải mái khi nghỉ ngơi tại đây.",1
"phòng rất sạch sẽnhân viên vui vẻ nhiệt tìnhhostel chuẩn bị sẵn dầu gội và sữa tắm, lại còn phục vụ thêm nước uống nữa...",1
"Lễ tân nhiệt tình, vui vẻ.",1
Nhân viên cực kì thân thiện,1
Phòng ở bao gồm ăn sáng trị giá 12k vnđ là suất bánh mì ốp la.,1
"Khu nghỉ gẫn gũi với thiên nhiên, trong lành.",1
Nhân viên ở đấy khá thân thiện và nhiệt tình. Khung cảnh gần gũi với thiên nhiên. Bạn thoải mái dạo chơi bằng xe đạp mà không bị tính phí.,1
"Không gian và thái độ phục vụ, các món ăn ngon",1
"Giường rất thoải mái, nhân viên thân thiện, khu vực vệ sinh sạch sẽ",1
"Phòng sạch sẽ, gần biển",1
"Cũng đỡ ồn khá nhiều so với những review trước. Nhân viên nhiệt tình và thoải mái, ở gần biển, chỗ trung tâm nên rất thuận tiện:) .",1
Nhân viên rất nhiệt tình,1
"Nhân viên thân thiện, khách sạn gần biển",1
nhan vien nhiet tinh va than thien . phong sach se . an sang ngon,1
"Phòng sạch đẹp , nhân viên thân thiện",1
"Nhân viên rất chu đáo, nhiệt tình, nhanh nhẹn",1
Bữa sáng hơi ít món để lựa chọn,1
"Giường thoải mái, thuận tiện vì ở trung tâm.",1
địa điểm thuận tiện,1
"Vị trí tốt, đi bộ ra biển gần, phòng sạch sẽ tiện nghi và thoải mái.",1
"Phòng rộng, nhìn ra sông Hàn và bán đảo Sơn Trà, cầu Thuận Phước, rất rộng và thoáng. Gió mát lộng.",1
"Khách sạn sạch sẽ, vị trí đẹp, giá hợp lý.",1
"Giá cả rất ok, và hầu như không tìm được chỗ nào rẻ hơn. Nằm ở bờ đông nên giáp biển, gần bãi tắm đẹp (1km). Từ đấy đi khoảng 2km là qua bờ tây và thêm 2km nữa ra tới chợ Cồn là tha hồ ăn uống. Có dịch vụ thuê xe máy và đưa đón sân bay, rất tiện lợi.",1
"nhân viên phục vụ rất nhiệt tình và thoải mái, tận tình với khách nghỉ.",1
Cô chủ và nhân viên nhiệt tình,1
"Sự thoải mái của khách sạn. Đồng thời tiện nghi cho việc tắm biển và ngắm cảnh nếu ở tầng trên. Đồ dùng tại phòng khách sạn mới mẻ, đẹp đẽ.",1
"Mình thích cách đầu tư cho mỗi phòng của khách sạn. Phòng giường đôi không quá lớn nhưng bài trí hợp lý, đầy đủ tiện nghi. tường ốp gạch cực sạch sẽ. chăn ga đều mới. Mọi thứ hết sức ưng. Không nghĩ giá rẻ zị mà phòng ốc lại khiến mình thoải mái như zị :D :D",1
"- Phòng, chăn, đệm sạch sẽ.- Giá tốt. - Yên tĩnh.- Gần biển.- Chủ khách sạn thân thiện, nhiệt tình. Mình đặt phòng 2 đêm, sau đó trả phòng đi Hội An 1 đêm rồi hôm sau quay lại. Chủ ks cho mình gửi đồ tại phòng mình ở luôn, giữ cho mình phòng đó mà không tính tiền hay phí gì luôn :)- Đi Hội An tiện mà đi Sơn Trà cũng tiện luôn :)",1
"Nhân viên quá nhiệt tình. Tận tình tư vấn. Phòng dọn dẹp sạch sẽ mỗi ngày. Giá phòng rẻ, đặt xe máy vs tour tại đây luôn có giá tốt. Sẽ way lại",1
"phòng đẹp, hướng biển",1
Gan bien,1
Nhân viên thân thiện và supportive,1
"Cũng sạch sẽ, nhân viên phục vụ được",1
nhân viên và chủ rất thân thiệntiện nghi quá tuyệt vời,1
"wc sạch sẽ, phòng đầy đủ tiện nghi",1
"Ky nghi thoai Mai, an ninh",1
Gần biển,1
bé lễ tân nhiệt tình.,1
"Địa điểm gần khu phố cổ. Đặc biệt là thái độ của nhân viên rất tuyệt vời. Tôi đi cùng con nhỏ, đi xe đạp, cháu thò chân vào nan hoa bị xước xát. Nhân viên đã nhờ người vào tận phòng hỏi han, đưa thuốc sử dụng, thậm chí sẵn sàng xe cộ để đưa cháu đi khám nếu cần.",1
Nhân viên nhiệt tình. Sạch sẽ!,1
"Ks mới, rất sạch sẽ. Gần phố cổ. Xe đạp miễn phí. Đồ ăn sáng phong phú",1
Phòng tiện nghi,1
"Tran trong gui loi cam on den Quan ly khach san, anh Thanh,cung toan bo nhan vien, dac biet em Huy. Da giup do tan tinh trong luc chung toi bi cuop mat het giay to...Thanks so much!Super, ohne Worte!",1
thich loi service o hotel rat chu dao nhan vien rat lich thiep va sot xan,1
"nhân viên phuc vụ nhiệt tình, chất lượng phòng nghỉ tiên nghi, phù hợp với khách đi du lịch và đi công tác. Khoảng cách hợp lý để đi đến các điểm vui chơi xung quan.",1
"Bữa sáng ít món, nhat. Wc có mùi hôi. Phòng tiện nghi tốt. Phục vụ tốt",1
"Nhân viên thân thiện, thoải mái.",1
"Giường rất êm, địa điểm khá tốt, và nhân viên phục vụ nhiệt tình, niềm nở",1
Nhan vien khach san rat tot,1
Giươ,1
Ngồi ăn sáng và ngắm toàn cảnh thành phố buổi sáng rất tuyệt!,1
"Giao Thông thuận tiện , phòng sạch sẽ",1
"Đứng trên tầng thượng,hóng gió và ngắm trời đêm.",1
"Bữa sáng dễ thương. Rèm kéo ở giường riêng tư,",1
"Sự yên tỉnh,khá sạch sẽ trừ việc thảm có mùi mốc..nhân viên nhã nhặn",1
"Khách sạn nằm vị trí thuận lợi, nhân viên vui vẻ, nhiệt tình, ăn sáng rất ngon, phòng mình view bờ sông ban đêm rất đẹp, phòng ốc tiện nghi. Nhìn chung là rất ưng. Sẽ quay lại đây nếu có dịp du lịch Đà Nẵng sắp tới.",1
Phòng hơi bé. Nhân viên thân thiện nhiệt tình,1
giuong thoai mai,1
Tien nghi được nhan viên nhiệt tinh toi hai long,1
Giường thoải mái,1
"phòng có view đẹp, nhà tắm có cửa thoáng tốt",1
"Nhân viên vui vẻ, nhiệt tình, chỗ ở sạch sẽ",1
Gần trung tâm,1
"Khách sạn rất yên tĩnh, cực kì sạch sẽ. Tôi đã có kì nghỉ khá tuyệt",1
Nhìn bề ngoài hay trong hình khá ấn tượng nhưng đến khi nhận phòng thì quá thất vọng vì nhìn như những nhà nghỉ bình dân. Không gian thì được nhưng chất lượng cần cải thiện nhiều.,1
"Bữa sáng tốt, nhân viên phục vụ nhiệt tình, phòng sạch sẽ, điểm chưa tốt: chất lượng phòng chưa tốt so với những khách sạn đạt 3* khác trên địa bàn, chưa toát lên được sự sang trọng của một khách sạn tiêu chuẩn 3*, tôi là một người đi nhiều và tôi cảm nhận không gian tôi vừa ở nó gióng một nhà nghĩ sạch sẽ hơn. Cần thay đổi.Mong khách sạn của bạn tiếp thu những ý kiến chân thành của tôi.Chúc thành công.",1
"1. KS Vị trí trung tâm, gần sông Hàn, ngay trục đường lên cầu sông Hàn, qua cầu là sang Phạm Văn Đồng đi tắm biển, đi ăn hải sản và các điểm khác. Tối về Ks đường phố sầm uất, cafe, đi dạo sông, chạy xe quanh thành phố ngắm cầu.... Mình rất hài lòng về vị trí.2. KS có cây xanh, ban công đẹp, thoáng mát. Mình cũng rất thích. Lễ tân nhiệt tình nữa.3. Ngoài ra KS nằm trong khuôn viên nhà hàng ẩm thực bò và quán ăn Trần nên ăn uống rất tiện. Giá phòng kèm ăn sáng, ăn ở quán ẩm thực bò, món ăn khá được.",1
Nhân viên nhiệt tình và tôn trọng khách.,1
"vị trí khách sạn thuận tiện, gần sân bay, bến đỗ xe buýt đi Hội An, và cầu quay",1
Thái độ phục vụ của nhân viên,1
"Ngay trung tâm, thuận lợi đi nhiều nơi",1
"Thiết kế đẹp, đơn giản,trang nhã. Phòng khá là ok, dịch vụ cũng khá tốt, giá cả phù hợp. Vị trí tương đối. Nói chung mình rất thích",1
Phòng đẹp.view đẹp,1
"Rất gần phố cổ, nhân viên rất thân thiện, giá cả rẻ",1
Giường thoải mái,1
Vị trí khách sạn gần khu phố cổ Hội An,1
"khuôn viên thoáng, có ban công thaoi3 mái",1
nhân viên rất nhiệt tình,1
Thai do va su chu dao cua doi ngu nhan vien,1
"Đồ ăn ngon, nhân viên thân thiện",1
Vị trí trung tâm thành phố;Tiện nghi phòng chấp nhận được;Nhân viên nhiệt tình.,1
"Phòng ốc sạch sẽ, nhân viên thân thiện",1
"sach se, nhan vien lich su vui ve",1
Địa điểm thuận tiện,1
"Thái độ lễ tân tốt, nhiệt tình. Địa điểm thuận lợi, khách sạn sạch sẽ.",1
"Phòng sạch sẽ, đẹp. Đi tham quan các cây cầu nổi tiếng ở ĐN rất tiện.",1
phòng sạch sẽ. vị trí trung tâm. khu vực xung quanh nhiều quán ăn.,1
"Không thấy khách sạn nói gì tới việc ăn sáng, mặc dù khi đặt phòng qua booking thì có mục là bao ăn sáng.",1
"Phong cách phục vụ chuyên nghiệp. Nhân viên cởi mở, thân thiện. Vị trí trung tâm, phòng sạch sẽ, phù hợp cho các đợt công tác và nghỉ ngơi.",1
"Vị trí tốt,phòng đẹp và rộng ,sạch sẽ có ban công.Bể bơi sạch sẽ.Ăn sáng ngon.Có xe bus muễn phí đưa đón khách đi phố cổ và bãi biển.Nhân viên bảo vệ chu đáo nhiệt tình.",1
hồ bơi,1
Phòng ốc rất đẹp và tiện nghi.Cảm ơn các bạn đã chuyểb giùm món đồ mình quên tại khách sạn!,1
"I spent 2 nights at Sunshine hotel with my family. It was about the best holiday we've had. Good location, friendly staffs and spotless rooms.",1
Tôi rất thích địa điểm và món ăn điểm sáng ở đây.- Địa Điểm rất gần với trung tâm phố Cổ với 5 phút đi xe đạp.- Điểm tâm sáng: món Salad cá ngừ rất ngon.,1
"Nhân viên thân thiện. Bữa sáng khá ngon. Phòng ốc cũng tương đối rộng rãi với view đẹp nhìn ra ngoài. Khách sạn tuy hơi xa trung tâm phố cổ, nhưng chỉ mất khoảng 30K tiền taxi, và có dịch vụ cho mượn xe đạp miễn phí",1
Xe đạp có ghế cho trẻ em,1
"Phòng sạch sẽ thoáng mát, thức ăn ngon.",1
nhân viên dễ chịu,1
Phòng rộng và sạch sẽ,1
có chỗ Party ngoài trời,1
Yên tĩnhHồ bơi sạchKhông gian thoáng mát,1
Cám ơn một ngày đáng yêu tại nơi này...,1
sạch sẽ,1
Có xe đạp miễn phí,1
Very nice...,1
Thích nhất chú bảo vệ ngoài ngõ <3 thấy cháu vội đi thế là lấy xe đèo đi mua đồ ăn luôn <3,1
Tien nghi khach san totPhong canh depks co xe dap tien loi cho khach vao pho coNhan vien nhiet tinh,1
Nhân viên thân thiện và sẳn lòng hỗ trợ. Hồ bơi sạch sẽ và vị trí đẹp.,1
"Khách sạn mới, sạch sẽ, nhân viên nhiệt tình.Vị trí tốt: gần biển, đi bộ khoảng 3 phút là ra đến bãi tắm công cộng ngay sau nhà hàng Mỹ Hạnh sát biển.Ngay đổi diện và bên cạnh ks có nhiều nhà hàng hải sản, rất tiện ăn uống",1
Ăn sáng chưa đạt yêu cầu,1
"Nhân viên rất chu đáo, nhiệt tình",1
"Phòng rộng rãi, thoáng,sạch sẽ. View đẹp. Chủ nhà và nhân viên dễ thương, tận tình hướng dẫn. Có xe đạp cho khách đi vòng quanh phố cổ. Dịch vụ xe đón tại sân bay tốt.",1
"Phòng ốc sạch sẽ, thoáng mát và yên tĩnh với nhiều cửa sổ và ban công.Nhân viên phục vụ nhiệt tình, thân thiện và chu đáo.Có thể mượn xe đạp miễn phí.Có cafe và trà miễn phí cho khách thuê phòng.",1
"Phòng nghỉ rất rộng rãi và thoáng. Trang bị đầy đủ máy lạnh, ti vi, máy nước nóng, máy đun nước, tủ lạnh, vật dung cá nhận...Chủ nhà rất thân thiện và chu đáo tạo cảm giác yên tâm cho khách ở. Có thể mượn xe đạp để thăm thú Hội An rất thuận tiện.",1
"Khách sạn mới xây đẹp. Sạch sẽ, chỉ là ko có cơ hội Trãi nghiệm hết chuyến ,quản lý linh động . Hơi xa trung tâm",1
"Phòng rất sạch sẽ và thoải mái, sân vườn không gian chung rất tuyệt!",1
"Sạch sẽ, thân thiện, có xe đạp free, nhiệt tình",1
"Giường thoải mái, chủ nhà niềm nở",1
Vị trí tốt. Đi 200m là ra tới biển. Có nhiều chổ đậu xe ôtô và xe máy. Có 20 xe máy cho thuê. Nhân viên thân thiện.,1
"Buffee sáng rất ngon, nhân viên thân thiện. Với vị trí khá gần biển Mỹ Khê mà lại có mức giá hợp lý như thế này thì k phải khách sạn nào cũng làm đc. Mình đi cùng bà và mẹ vs 1 đứa em trai, nói chung cả gia đình khá hài lòng về khách sạn cũng như cách phục vụ ở Silver Sea :)",1
"Nhân viên dọn phòng, bảo vệ rất vui vẻ.",1
Khach san co vi tri thuan loi: gan bien va de dang di den cac diem tham quan. Phong rong & sach se. Nhan vien than thien. Cac dich vu phu co gia re hon so voi cac khach san khac. Minh rat hai long va se quay tro lai som!,1
đồ ăn sáng ngon và đầy đủ,1
"Phòng sạch, thoáng, nhân viên phục vụ thân thiện!",1
"Nhân viên nhiệt tình phục vụ chu đáo, tốt",1
"Khách sạn mới và sạch, nhân viên thân thiện, chuyên nghiệp, giá hợp lý.",1
thoai mai,1
rất gần biển. thuận tiện cho việc đi chơi ở biển. phòng sạch sẽ,1
Bữa sáng rất ngon,1
"Cô/chị gái chủ nhà thân thiện, nhiệt tình, homestay có hai chú cún đáng iêu cực kì. :3 Phòng sạch sẽ, gần phố cổ, bến xe bus, đi lại thuận tiện.",1
"Nhân viên thân thiện, KS sạch sẽ, yên tĩnh. Giá tốt.",1
Ko co gi de thich,1
"Khách sạn sạch sẽ, giá cả hợp lý.nhân viên và quản lý rất nhiệt tình.",1
"Khách sạn sạch sẽ,nhân viên và quản lý thân thiện nhiệt tình.",1
Cách trang trí,1
Nhân viên khách sạn nhiệt tình thân thiện từ bác bảo vệ cho tới quản lí,1
"căn phòng, quang cảnh xung quanh, độ thuận tiện",1
"Nhân viên nhiệt tình, nhất là chú bảo vệ gốc Bắc. Phòng ốc thoáng, sạch sẽ",1
"Nhân viên ở tất cả các bộ phận đều thân thiện, nhiệt tình.5 phút đi bộ là tới được biển Mỹ Khê",1
Tôi đi cùng Mẹ . Và Bà rất hài lòng về khách sạn. Tuyệt vời. Nếu có dịp tôi sẽ lại ở khách sạn này.,1
Lễ tân thân thiện,1
"+ Phòng cực rộng, cực đẹp, sạch sẽ, có truyền hình K+ mặc dù chưa thử, tiện nghi đầy đủ, phòng tắm rất đẹp, view nhìn ra ngoài đẹp.+ Nhân viên rất thân thiện và nhiệt tình.+ Sẽ giới thiệu cho bạn bè nếu đi Hội An+ Xe đạp miễn phí",1
Phòng sạch sẽ. Chủ nhân thân thiện,1
"Phòng rất rộng và sạch sẽ, cảm giác như ở nhà, cô chủ rất nhiệt tình. Giá phòng không hề đắt so với chất lượng phòng. Khoảng 10' đi xe đạp vào trung tâm phố cổ.",1
Nhân viên ở đây rất nhẹ nhàng. Bà chủ khách sạn rất xởi lởi và vui tính. Phòng ốc mới và khá sạch. Nói chung là tốt so với giá tiền.  Khoảng cách từ ksan vào phố cổ không đến nỗi quá xa nhưng k phù hợp với các bác lười vận động.,1
"Cô chủ nhà và các bạn nhân viên đều nhiệt tình, thân thiện",1
"Quá tuyệt vời, tuy nhiên giá hơi cao do vào dịp Tết Việt Nam",1
"Bể bơi rộng, khách sạn đẹp",1
"Khách sạn rất gần biển, nhân viên rất thân thiện, phòng tiện nghi.",1
Giá tạm được,1
Quá đắt so với giá tiền phòng,1
Sach se va lich su.,1
"Ấn tượng của mình đối với Quỳnh Nhân home stay là nhà nghỉ rất đẹp và rất tiện nghi, phòng 315k mà khá rộng, tiện nghi, sạch sẽ, bạn tiếp tân rất thân thiện và nhiệt tình. Lần sau quay lại Hội An mình sẽ vẫn chọn Quỳnh Nhân.",1
"Cô chủ và cậu con trai tiếp đón cả gia đình tôi nhiệt tình. Tôi cảm thấy thân thiện và ấm áp. Phòng to, sạch sẽ và đẹp, có ban công nữa. Điểm cộng là họ cho mượn xe đạp miễn phí và thoải mái ko lo giờ giấc. Cô chủ còn hỏi cả gia đình mình ăn sáng món tây hay việt để nấu cho vừa miệng. Nói chung chẳng có gì phàn nàn hết.",1
Mua đồ quần áo rẻ hơn ở cửa hàng Hội an. Gần bánh mì Khanh và nhân viên rất thân thiện. Bác chủ nhà vui tính.,1
Nếu có dịp sẽ quay lại nới đây. Rấtt thích cô chủ nhà,1
"Khách san rát sạch se, thoai mai:))",1
Nhân viên của homestay.,1
"Phòng sạch sẽ, thoáng. Nước uống trong phòng giá rẻ. Tivi lớn, đầy đủ các kênh. Nhân viên rất nhiệt tình.",1
Thích cô chủ,1
Thích sự nhiệt tình của cô chủ,1
"Khách sạn và các tiện nghi đều tốt, mình đi ko phải mùa du lịch nên bãi biển Đà Nẵng khá vắng vẻ, nhưng bù lại các du vụ của khách sạn rất tuyệt, một ấn tượng nhỏ là mình thuê xe máy đi chơi, và cứ đi nganh quá máy nóng là xe chết máy, sưj cố ngoài ý muốn thôi nhưng ai đi thì dặn dò lấy xe thật tốt :)) Chắc chắn mình sẽ quay lại Hoàng Sa, hy vọng lúc đấy khách sạn k tăng giá",1
"Nhân viên thân thiện, dễ gần, phòng tiện nghi lịch sự",1
Nhân viên thân thiện,1
Nhân viên phục vụ tốt.,1
Gần biển,1
Nhân viên thân thiện,1
"Vị trí tốt, thuận tiện cho việc đi lại.",1
"bữa cơm trưa trong ngày nấu khá ngon. Ấn tượng tốt về một bạn nữ phục vụ ở nhà hàng rất thân thiện, âm áp.",1
"Không gian yên tĩnh, nhân viên phục vụ nhiệt tình",1
phòng 3 giường rất thích,1
"Giuong goi thoai mai, do noi that dep, vi tri dep va thuan tien",1
Vị trí tốt.,1
"Địa điểm gần biển, nhân viên hành lý nhiệt tình, tươi cười, hay chào hỏi khách.",1
"Lần đầu tiên lựa chọn nơi đây nghỉ ngơi cho kì lễ 30/04, 01/05, phải nói là rất hài lòng và cực kì thích không gian nơi đây. Phòng nghỉ rất thoải mái và tiện nghi, nhân viên vui vẻ, lễ phép, bữa sáng chất lượng.",1
Nham Vien tan tinh phong oc sach se,1
"Khách sạn được chia làm 2 khu: villa và phòng khách sạn. Nhìn thoáng mát, sạch sẽ, nhân viên thân thiện.",1
"Sau khi phàn nàn về dịch vụ của khách sạn thì quản lý của khách sạn có gọi điện xin lỗi, và nói khách sạn có họp với nhân viên về những phàn nàn tôi nêu ra. Tôi đánh giá rất cao về điều này, cho thấy khách sạn rất quan tâm tới chất lượng phục vụ khách hàng, cách làm việc của khách sạn rất minh bạch, có thể những vấn đề tôi đưa ra là do nhân viên không giải thích rõ ràng cho khách. Mọi vấn đề tôi phàn nàn đã được giải quyết tốt đẹp.Với thái độ chân thành, nhiệt tình giải quyết các vấn đề vướng mắt của khách hàng tôi chắc rằng khách sạn Kim Long sẽ ngày càng tốt và hoàn thiện hơn. Cuối năm tôi sẽ có 1 chuyến ra lại đà nẵng và tôi sẽ chọn ở Kim Long.",1
Giường rất thoải mái,1
Thái độ tuyệt vời,1
Khá gần sân bay,1
"Giá rẻ, vị trí thuận lợi, nhân viên nhiệt tình.",1
"Thái độ phục vụ của các cô và các bạn nhân viên rất nhiệt tình. Hướng dẫn mình các địa điểm nên đi, rồi tư vấn đủ kiểu nữa. Rất hài lòng và chắc chắn sẽ quay lại :D",1
Vị trí của khách sạn rất tốt khi đi du lịch ở Đà Lạt. Và moi trường cho thuê nhiều khách du lịch có sở thích và văn hoá ứng xử giống chúng tôi.,1
"Sạch sẽ,tiếp tân lịch sự,giá phù hợp",1
1/. bữa ăn sáng2/. nhân viên thân thiện,1
Yen tinhSach se,1
"Rất sạch,nhân viên lịch sự,rất thoải mái",1
"Tôi thuê 02 căn hộ này cho kỳ nghỉ của cả gia đình, bao gồm cả bố mẹ tôi và các con tôi, đến giờ phút chút bố tôi và con gái lớn không đi nhưng cả nhà vẫn vui vẻ đi nghỉ. Căn hộ rất rộng so với số người của gia đình đi kỳ này, vị trí đối diện biển làm các bạn nhỏ rất hứng thú. Khi vừa vào phòng studio 2 phòng ngủ, cả nhà thích thú vì view biển của các ban công",1
cam giác nhu dang di du lịch trung quốc vi nguôi trung quốc nhieu hon nguôi Việt nam,1
Vị trí,1
"Địa điểm tốt, gần phố cổ. Phòng rộng rãi.Chủ nhà tốt bụng và vui vẻ.",1
"Vị trí tốt, gần phố cổ, gần các địa điểm ăn uống. Chủ nhà thân thiện, nhiệt tình",1
